animal_id,sex,sire_id,dam_id,birth_year,breed,breeding_value,status,holding
276000800000453,male,,,1950,Fleckvieh,-1.053913,HISTORIC,
276000800000484,male,,,1950,Fleckvieh,-1.407428,HISTORIC,
276000800000494,male,,,1950,Fleckvieh,-1.472290,HISTORIC,
276000800000495,male,,,1950,Fleckvieh,-1.468537,HISTORIC,
276000800000514,male,,,1950,Fleckvieh,-1.993821,HISTORIC,
276000800000532,male,,,1950,Fleckvieh,-1.846285,HISTORIC,
276000800000533,male,,,1950,Fleckvieh,-1.672442,HISTORIC,
276000800000535,male,,,1950,Fleckvieh,-1.775070,HISTORIC,
276000800000536,male,,,1950,Fleckvieh,-2.361709,HISTORIC,
276000800000565,male,,,1955,Hinterwaelder,-3.235622,HISTORIC,
276000800000574,male,,,1947,Fleckvieh,-1.491686,HISTORIC,
276000800000594,male,,,1950,Fleckvieh,-1.769400,HISTORIC,
276000800000596,male,,,1950,Fleckvieh,-1.880556,HISTORIC,
276000800000622,male,,,1950,Fleckvieh,-1.929897,HISTORIC,
276000800000624,male,,,1955,Hinterwaelder,-2.942045,HISTORIC,
276000800000640,male,,,1950,Fleckvieh,-1.692509,HISTORIC,
276000800000641,male,,,1950,Fleckvieh,-1.911198,HISTORIC,
276000800000644,male,,,1950,Fleckvieh,-1.971849,HISTORIC,
276000800000657,male,,,1950,Fleckvieh,-2.018231,HISTORIC,
276000800000661,male,,,1950,Fleckvieh,-2.039270,HISTORIC,
276000800000663,male,,,1950,Fleckvieh,-2.115080,HISTORIC,
276000800000675,male,,,1955,Hinterwaelder,-3.251338,HISTORIC,
276000800000678,male,,,1950,Fleckvieh,-1.306498,HISTORIC,
276000800000698,male,,,1950,Fleckvieh,-1.750138,HISTORIC,
276000800000699,male,,,1960,Fleckvieh,-1.499252,HISTORIC,
276000800000711,male,,,1950,Fleckvieh,-2.062047,HISTORIC,
276000800000723,male,,,1950,Fleckvieh,-2.084308,HISTORIC,
276000800000749,male,,,1955,Hinterwaelder,-2.758981,HISTORIC,
276000800000766,male,,,1950,Fleckvieh,-1.439559,HISTORIC,
276000800000767,male,,,1950,Fleckvieh,-2.389490,HISTORIC,
276000800000786,male,,,1950,Fleckvieh,-2.532341,HISTORIC,
276000800000800,male,,,1950,Fleckvieh,-2.572161,HISTORIC,
276000800000855,male,,,1950,Fleckvieh,-1.704120,HISTORIC,
276000800000884,male,,,1950,Fleckvieh,-1.664381,HISTORIC,
276000800002219,female,,,,unbek0,,HISTORIC,
276000800002517,female,,,,unbek0,,HISTORIC,
276000800002521,female,,,,unbek0,,HISTORIC,
276000800002675,female,,,,unbek0,,HISTORIC,
276000800002883,female,,,,unbek0,,HISTORIC,
276000800002966,female,,,,unbek0,,HISTORIC,
276000800003025,female,,,,unbek0,,HISTORIC,
276000800003243,female,,,,unbek0,,HISTORIC,
276000800003289,female,,,,unbek0,,HISTORIC,
276000800003305,female,,,,unbek0,,HISTORIC,
276000800003498,female,,,,unbek0,,HISTORIC,
276000800003539,female,,,1956,Hinterwaelder,-2.851052,HISTORIC,
276000800003607,female,,,,unbek0,,HISTORIC,
276000800003687,female,,,,unbek0,,HISTORIC,
276000800003691,female,,,1957,Hinterwaelder,-2.579318,HISTORIC,
276000800004087,female,,,,unbek0,,HISTORIC,
276000800004266,female,,,,unbek0,,HISTORIC,
276000800004288,female,,,,unbek0,,HISTORIC,
276000802060453,male,,,,unbek0,,HISTORIC,
276000802060533,male,,,,unbek0,,HISTORIC,
276000802060566,male,,,,unbek0,,HISTORIC,
276000802060573,male,,,1955,Hinterwaelder,-2.960310,HISTORIC,
276000802060574,male,,,,unbek0,,HISTORIC,
276000802060614,male,,,,unbek0,,HISTORIC,
276000802060632,male,,,1955,Hinterwaelder,-2.829585,HISTORIC,
276000802060840,male,,,,unbek0,,HISTORIC,
276000802060854,male,,,,unbek0,,HISTORIC,
276000802883951,female,,,1978,Hinterwaelder,-0.322888,HISTORIC,
276000802420311,female,,,1956,Hinterwaelder,-2.277073,HISTORIC,
276000802420312,female,,,1956,Hinterwaelder,-2.735582,HISTORIC,
276000802420110,female,,,1956,Hinterwaelder,-2.946050,HISTORIC,
276000803611185,male,276000800000749,276000802420110,1963,Hinterwaelder,-2.344856,HISTORIC,
276000802423216,male,276000803611185,276000802420312,1965,Hinterwaelder,-2.649890,HISTORIC,
276000802425183,female,276000802423216,276000802420311,1969,Hinterwaelder,-2.403150,HISTORIC,
276000802420745,female,,,1948,Hinterwaelder,-3.256097,HISTORIC,
276000802420748,female,,276000802420745,1963,Hinterwaelder,-2.805665,HISTORIC,
276000802420360,female,,,1951,Hinterwaelder,-3.090188,HISTORIC,
276000802422219,female,276000802060533,,1957,Hinterwaelder,-2.050123,HISTORIC,
276000802820032,female,,,1956,Hinterwaelder,-3.207998,HISTORIC,
276000803611139,male,276000800000622,276000802820032,1960,Hinterwaelder,-2.362629,HISTORIC,
276000803611208,male,276000803611139,276000802422219,1964,Hinterwaelder,-1.363393,HISTORIC,
276000803611255,male,276000803611208,276000802420360,1966,Hinterwaelder,-1.395752,HISTORIC,
276000803611307,male,276000803611255,276000802420748,1970,Hinterwaelder,-2.225307,HISTORIC,
276000802429339,female,276000803611307,276000802425183,1975,Hinterwaelder,-1.511611,HISTORIC,
276000802420439,female,,,1957,Hinterwaelder,-3.253407,HISTORIC,
276000802422757,female,276000803611185,276000802420439,1965,Hinterwaelder,-2.069508,HISTORIC,
276000803611045,male,,,1965,Vorderwaelder,-1.327731,HISTORIC,
276000803622421,male,276000803611045,276000802422757,1973,Hinterwaelder,-1.634267,HISTORIC,
276000802883607,female,276000803622421,276000802429339,1977,Hinterwaelder,-1.234898,HISTORIC,
276000803611144,male,276000800000624,276000800003539,1960,Hinterwaelder,-2.769797,HISTORIC,
276000802420444,female,276000803611144,276000802420439,1963,Hinterwaelder,-2.687109,HISTORIC,
276000802420231,female,,,1955,Hinterwaelder,-3.346268,HISTORIC,
276000802420234,female,276000800000514,276000802420231,1957,Hinterwaelder,-2.032883,HISTORIC,
276000803611166,male,276000800000675,276000800003691,1962,Hinterwaelder,-2.548495,HISTORIC,
276000803611220,male,276000803611166,276000802420234,1964,Hinterwaelder,-2.224601,HISTORIC,
276000802425029,female,276000803611220,276000802420444,1968,Hinterwaelder,-2.649598,HISTORIC,
276000802420535,female,,,1959,Hinterwaelder,-2.669986,HISTORIC,
276000802420316,female,,,1954,Hinterwaelder,-2.940012,HISTORIC,
276000803611244,male,276000803611185,276000802420316,1966,Hinterwaelder,-2.529014,HISTORIC,
276000803611282,male,276000803611244,276000802420535,1968,Hinterwaelder,-2.518600,HISTORIC,
276000802427683,female,276000803611282,276000802425029,1972,Hinterwaelder,-1.776715,HISTORIC,
276000802420315,female,,,1959,Hinterwaelder,-2.340357,HISTORIC,
276000802422567,female,276000803611144,276000802420315,1963,Hinterwaelder,-2.493696,HISTORIC,
276000802425028,female,276000803611220,276000802422567,1968,Hinterwaelder,-2.129706,HISTORIC,
276000802841762,male,,,1970,Vorderwaelder,-0.548149,HISTORIC,
276000802429359,male,276000802841762,276000802425028,1975,Hinterwaelder,-0.916638,HISTORIC,
276000802883667,male,276000802429359,276000802427683,1977,Hinterwaelder,-0.661990,HISTORIC,
276000802898622,male,276000802883667,276000802883607,1982,Hinterwaelder,-0.975621,HISTORIC,
276000802908726,female,276000802898622,276000802883951,1985,Hinterwaelder,-0.619842,HISTORIC,
276000803611132,male,276000800000594,,1958,Hinterwaelder,-2.251206,HISTORIC,
276000802420513,female,276000803611132,,1962,Hinterwaelder,-2.012074,HISTORIC,
276000802420631,female,,,1956,Hinterwaelder,-3.296468,HISTORIC,
276000803611200,male,,276000802420631,1963,Hinterwaelder,-2.130718,HISTORIC,
276000802423981,female,276000803611200,276000802420513,1967,Hinterwaelder,-2.371500,HISTORIC,
276000802427675,female,276000803611282,276000802420444,1972,Hinterwaelder,-2.114794,HISTORIC,
276000802420085,female,,,1958,Hinterwaelder,-2.880637,HISTORIC,
276000802420346,female,,,1952,Hinterwaelder,-2.991439,HISTORIC,
276000802420314,female,276000800000535,276000800002883,1957,Hinterwaelder,-1.515494,HISTORIC,
276000803611138,male,276000800000594,276000802420314,1959,Hinterwaelder,-1.138408,HISTORIC,
276000803611172,male,276000803611138,276000802420346,1962,Hinterwaelder,-1.705216,HISTORIC,
276000802423372,female,276000803611172,276000802420085,1966,Hinterwaelder,-2.467796,HISTORIC,
276000802420706,female,,,1952,Hinterwaelder,-3.371768,HISTORIC,
276000803611141,male,276000800000624,,1960,Hinterwaelder,-2.748647,HISTORIC,
276000802422286,female,276000803611141,276000802420706,1963,Hinterwaelder,-2.229288,HISTORIC,
276000803611198,male,276000800000749,,1963,Hinterwaelder,-2.526516,HISTORIC,
276000803611261,male,276000803611198,276000802422286,1967,Hinterwaelder,-2.119293,HISTORIC,
276000803611344,male,276000803611261,276000802423372,1971,Hinterwaelder,-1.576864,HISTORIC,
276000802429314,male,276000803611344,276000802427675,1974,Hinterwaelder,-1.797813,HISTORIC,
276000802883751,male,276000802429314,276000802423981,1978,Hinterwaelder,-2.006790,HISTORIC,
276000802232403,female,276000802883751,276000802908726,1989,Hinterwaelder,-0.387534,HISTORIC,
276000802420233,female,,,1952,Hinterwaelder,-3.488425,HISTORIC,
276000802420240,female,276000800000608,276000802420233,1960,Hinterwaelder,-2.736194,HISTORIC,
276000802422324,female,276000803611166,276000802420240,1964,Hinterwaelder,-2.273568,HISTORIC,
276000802425184,female,276000802423216,276000802422567,1969,Hinterwaelder,-2.216335,HISTORIC,
276000802420176,female,276000800000565,,1960,Hinterwaelder,-2.750535,HISTORIC,
276000803611183,male,276000803611144,,1962,Hinterwaelder,-2.243180,HISTORIC,
276000803611230,male,276000803611183,276000802420176,1965,Hinterwaelder,-2.043154,HISTORIC,
276000803611291,male,276000803611230,276000802422286,1969,Hinterwaelder,-2.297806,HISTORIC,
276000803622423,male,276000803611291,276000802425184,1973,Hinterwaelder,-1.879375,HISTORIC,
276000802883757,female,276000803622423,276000802422324,1978,Hinterwaelder,-1.533709,HISTORIC,
276000802429275,female,276000803611344,276000802420444,1974,Hinterwaelder,-1.773426,HISTORIC,
276000802420425,female,,,1958,Hinterwaelder,-2.410456,HISTORIC,
276000802420428,female,276000803611144,276000802420425,1962,Hinterwaelder,-2.659659,HISTORIC,
276000802829838,male,,,1966,Vorderwaelder,-1.234375,HISTORIC,
276000802429242,female,276000802829838,276000802420428,1974,Hinterwaelder,-1.153204,HISTORIC,
276000802420756,female,,,1957,Hinterwaelder,-2.587813,HISTORIC,
276000802425275,female,276000803611255,276000802420756,1969,Hinterwaelder,-2.213260,HISTORIC,
276000802420712,female,,,1959,Hinterwaelder,-2.301549,HISTORIC,
276000802420410,female,276000800000484,,1954,Hinterwaelder,-2.564076,HISTORIC,
276000803611129,male,276000800000594,276000802420410,1958,Hinterwaelder,-1.912626,HISTORIC,
276000803611161,male,276000803611129,,1962,Hinterwaelder,-1.741514,HISTORIC,
276000802423399,female,276000803611161,276000802420712,1966,Hinterwaelder,-2.110724,HISTORIC,
276000803611245,male,276000803611185,276000802420425,1966,Hinterwaelder,-2.557977,HISTORIC,
276000803611281,male,276000803611245,276000802423399,1968,Hinterwaelder,-2.232933,HISTORIC,
276000802427372,female,276000803611281,276000802425275,1972,Hinterwaelder,-2.135622,HISTORIC,
276000802420386,female,,,1948,Hinterwaelder,-3.451763,HISTORIC,
276000803611130,male,,276000802420386,1958,Hinterwaelder,-3.181593,HISTORIC,
276000802420492,female,276000803611130,276000800003025,1960,Hinterwaelder,-2.198157,HISTORIC,
276000802420703,female,276000802060614,,1960,Hinterwaelder,-2.046856,HISTORIC,
276000802422248,female,276000803611139,276000802420703,1963,Hinterwaelder,-1.193558,HISTORIC,
276000803611260,male,276000803611183,276000802420231,1967,Hinterwaelder,-2.577592,HISTORIC,
276000803611309,male,276000803611260,276000802422248,1970,Hinterwaelder,-2.214760,HISTORIC,
276000802427323,female,276000803611309,276000802420492,1972,Hinterwaelder,-1.460725,HISTORIC,
276000802420419,female,,,1956,Hinterwaelder,-2.893079,HISTORIC,
276000802423908,female,276000803611220,276000802420419,1966,Hinterwaelder,-2.256583,HISTORIC,
276000803622445,male,276000803611045,276000802423908,1973,Hinterwaelder,-1.360185,HISTORIC,
276000802875002,male,276000803622445,276000802427323,1976,Hinterwaelder,-0.905490,HISTORIC,
276000802884074,male,276000802875002,276000802427372,1978,Hinterwaelder,-1.130374,HISTORIC,
276000802898626,male,276000802884074,276000802429242,1982,Hinterwaelder,-1.260661,HISTORIC,
276000802908354,male,276000802898626,276000802429275,1984,Hinterwaelder,-1.095059,HISTORIC,
276000802918415,male,276000802908354,276000802883757,1986,Hinterwaelder,-0.925474,HISTORIC,
276000802232437,female,276000802918415,276000802232403,1993,Hinterwaelder,-0.467755,HISTORIC,
276000802420025,female,,,1958,Hinterwaelder,-2.684289,HISTORIC,
276000802420050,female,,,1958,Hinterwaelder,-2.511848,HISTORIC,
276000802420078,female,,,1950,Hinterwaelder,-2.913286,HISTORIC,
276000802420117,female,,,1955,Hinterwaelder,-2.663050,HISTORIC,
276000802420123,female,,,1952,Hinterwaelder,-3.486709,HISTORIC,
276000802420132,female,,,1962,Hinterwaelder,-2.852828,HISTORIC,
276000802420134,female,,,1957,Hinterwaelder,-2.641815,HISTORIC,
276000802420142,female,,,1950,Hinterwaelder,-3.306814,HISTORIC,
276000802420160,female,,,1952,Hinterwaelder,-3.044321,HISTORIC,
276000802420170,female,,,1955,Hinterwaelder,-2.784475,HISTORIC,
276000802420171,female,,,1957,Hinterwaelder,-2.604225,HISTORIC,
276000802420172,female,276000800000565,,1960,Hinterwaelder,-3.106145,HISTORIC,
276000802420174,female,,,1959,Hinterwaelder,-3.006705,HISTORIC,
276000802420196,female,276000800000641,276000800002517,1962,Hinterwaelder,-1.380716,HISTORIC,
276000802420230,female,276000800000608,276000802420231,1958,Hinterwaelder,-2.517716,HISTORIC,
276000802420237,female,,,1961,Hinterwaelder,-3.050606,HISTORIC,
276000802420238,female,,,1962,Hinterwaelder,-2.826425,HISTORIC,
276000802420361,female,,,1954,Hinterwaelder,-2.967009,HISTORIC,
276000803611122,male,276000800000533,276000802420361,1956,Hinterwaelder,-2.351480,HISTORIC,
276000803611137,male,276000803611122,276000802420142,1959,Hinterwaelder,-2.426381,HISTORIC,
276000802420258,female,276000803611137,,1962,Hinterwaelder,-2.285492,HISTORIC,
276000802420280,female,,,1959,Hinterwaelder,-2.772518,HISTORIC,
276000802420284,female,276000802060573,,1960,Hinterwaelder,-2.936070,HISTORIC,
276000803611126,male,276000800000536,276000800003289,1957,Hinterwaelder,-1.615038,HISTORIC,
276000802420286,female,276000803611126,,1961,Hinterwaelder,-1.778436,HISTORIC,
276000802420296,female,,,1954,Hinterwaelder,-2.747793,HISTORIC,
276000802420298,female,276000802060632,,1959,Hinterwaelder,-2.626659,HISTORIC,
276000802420301,female,276000800000698,276000800004087,1962,Hinterwaelder,-1.117364,HISTORIC,
276000802420313,female,,,1953,Hinterwaelder,-3.059300,HISTORIC,
276000802420317,female,,,1954,Hinterwaelder,-2.828616,HISTORIC,
276000802420321,female,,,1957,Hinterwaelder,-2.767913,HISTORIC,
276000802420347,female,,,1956,Hinterwaelder,-2.772787,HISTORIC,
276000802420357,female,276000800000596,,1959,Hinterwaelder,-1.876065,HISTORIC,
276000802420412,female,276000803611144,,1962,Hinterwaelder,-2.744243,HISTORIC,
276000802420420,female,276000800000661,276000802420419,1960,Hinterwaelder,-1.983328,HISTORIC,
276000802420438,female,276000800000484,,1954,Hinterwaelder,-2.391555,HISTORIC,
276000802420442,female,276000800000594,,1960,Hinterwaelder,-2.192331,HISTORIC,
276000802420450,female,,,1957,Hinterwaelder,-2.684339,HISTORIC,
276000802420451,female,276000800000640,,1960,Hinterwaelder,-2.032812,HISTORIC,
276000802420453,female,,,1962,Hinterwaelder,-2.253452,HISTORIC,
276000802420471,female,,,1954,Hinterwaelder,-3.203406,HISTORIC,
276000802420474,female,,,1957,Hinterwaelder,-2.750085,HISTORIC,
276000802420485,female,,,1951,Hinterwaelder,-3.084381,HISTORIC,
276000802420486,female,276000800000644,276000802420485,1960,Hinterwaelder,-2.098699,HISTORIC,
276000802420487,female,,,1956,Hinterwaelder,-2.968579,HISTORIC,
276000802420501,female,,,1954,Hinterwaelder,-3.101035,HISTORIC,
276000802420503,female,276000800000711,,1962,Hinterwaelder,-2.216459,HISTORIC,
276000802420509,female,,,1961,Hinterwaelder,-2.764125,HISTORIC,
276000802420511,female,276000802060453,,1954,Hinterwaelder,-2.494778,HISTORIC,
276000802420512,female,276000803611132,,1962,Hinterwaelder,-2.437156,HISTORIC,
276000802420533,female,,,1960,Hinterwaelder,-2.783358,HISTORIC,
276000802420537,female,,,1957,Hinterwaelder,-2.802576,HISTORIC,
276000802420538,female,276000800000453,,1957,Hinterwaelder,-1.970858,HISTORIC,
276000802420539,female,,,1958,Hinterwaelder,-2.444039,HISTORIC,
276000802420553,female,276000802060574,,1960,Hinterwaelder,-1.922268,HISTORIC,
276000802420574,female,,,1954,Hinterwaelder,-2.987870,HISTORIC,
276000802420575,female,,,1952,Hinterwaelder,-3.579304,HISTORIC,
276000802420593,female,,,1953,Hinterwaelder,-2.744607,HISTORIC,
276000802420602,female,,,1960,Hinterwaelder,-2.298251,HISTORIC,
276000802420609,female,,,1951,Hinterwaelder,-3.154205,HISTORIC,
276000803611123,male,276000800000495,,1956,Hinterwaelder,-2.315936,HISTORIC,
276000803611145,male,276000803611123,,1960,Hinterwaelder,-2.670724,HISTORIC,
276000802420697,female,276000803611145,,1962,Hinterwaelder,-2.549854,HISTORIC,
276000802420707,female,276000800000657,,1961,Hinterwaelder,-1.782031,HISTORIC,
276000802420710,female,,,1957,Hinterwaelder,-3.013882,HISTORIC,
276000802420717,female,,,1957,Hinterwaelder,-2.506568,HISTORIC,
276000803611128,male,276000800000533,276000800003498,1958,Hinterwaelder,-1.980965,HISTORIC,
276000802420714,female,276000803611128,276000802420717,1960,Hinterwaelder,-1.770958,HISTORIC,
276000802420716,female,276000802060566,,1959,Hinterwaelder,-1.662390,HISTORIC,
276000802420720,female,276000803611128,,1961,Hinterwaelder,-2.362222,HISTORIC,
276000802420721,female,,,1961,Hinterwaelder,-2.379862,HISTORIC,
276000802420724,female,276000803611139,276000802420716,1962,Hinterwaelder,-2.095879,HISTORIC,
276000802420751,female,276000803611145,276000802420756,1962,Hinterwaelder,-2.959357,HISTORIC,
276000802420752,female,,,1959,Hinterwaelder,-2.791488,HISTORIC,
276000802422208,female,276000803611145,276000802420609,1963,Hinterwaelder,-2.275171,HISTORIC,
276000803611136,male,276000803611122,,1959,Hinterwaelder,-2.955962,HISTORIC,
276000802422209,female,276000803611136,276000802420233,1963,Hinterwaelder,-2.708308,HISTORIC,
276000802422215,female,276000803611141,276000800003243,1963,Hinterwaelder,-1.901169,HISTORIC,
276000802422245,female,,,1963,Hinterwaelder,-2.187801,HISTORIC,
276000803611150,male,276000800000596,276000802420317,1961,Hinterwaelder,-2.305988,HISTORIC,
276000802422257,female,276000803611150,276000800004266,1963,Hinterwaelder,-1.434074,HISTORIC,
276000803611140,male,,276000802420538,1960,Hinterwaelder,-2.678424,HISTORIC,
276000802422266,female,276000803611140,276000802420474,1963,Hinterwaelder,-2.274860,HISTORIC,
276000802422293,female,276000803611145,276000800004288,1963,Hinterwaelder,-1.259371,HISTORIC,
276000802820148,female,,,1960,Hinterwaelder,-2.771900,HISTORIC,
276000803611143,male,276000803611128,,1960,Hinterwaelder,-1.713741,HISTORIC,
276000803611176,male,276000803611143,276000802820148,1962,Hinterwaelder,-2.170231,HISTORIC,
276000802422312,female,276000803611176,276000802420346,1964,Hinterwaelder,-2.237976,HISTORIC,
276000803611146,male,276000800000661,276000800002966,1960,Hinterwaelder,-1.750248,HISTORIC,
276000802422318,female,276000803611146,276000802420284,1964,Hinterwaelder,-1.153081,HISTORIC,
276000802422327,female,276000800000766,276000802420486,1964,Hinterwaelder,-1.338161,HISTORIC,
276000803611159,male,276000800000596,,1961,Hinterwaelder,-2.609858,HISTORIC,
276000802422340,female,276000803611159,,1963,Hinterwaelder,-2.276679,HISTORIC,
276000802422392,female,,,1964,Hinterwaelder,-2.366343,HISTORIC,
276000803611173,male,276000803611144,276000802420419,1962,Hinterwaelder,-2.402571,HISTORIC,
276000802422433,female,276000803611173,276000802420486,1965,Hinterwaelder,-1.942446,HISTORIC,
276000802422441,female,276000803611173,,1965,Hinterwaelder,-2.099178,HISTORIC,
276000802422457,female,276000800000800,276000802420451,1965,Hinterwaelder,-1.300191,HISTORIC,
276000802422459,female,276000803611146,276000802420286,1965,Hinterwaelder,-1.533260,HISTORIC,
276000802422475,female,276000803611150,276000802420553,1965,Hinterwaelder,-1.863155,HISTORIC,
276000802422489,female,276000803611176,276000802420346,1965,Hinterwaelder,-2.159758,HISTORIC,
276000802422541,female,276000800000767,276000802420511,1963,Hinterwaelder,-1.618525,HISTORIC,
276000802820062,female,,,1960,Hinterwaelder,-2.863942,HISTORIC,
276000803611125,male,276000800000494,276000802420706,1957,Hinterwaelder,-1.900389,HISTORIC,
276000802422555,female,276000803611125,276000802820062,1963,Hinterwaelder,-2.231259,HISTORIC,
276000802422595,female,,,1963,Hinterwaelder,-2.775179,HISTORIC,
276000802820072,female,,,1951,Hinterwaelder,-3.851713,HISTORIC,
276000803611134,male,276000800000574,276000800003607,1958,Hinterwaelder,-1.773791,HISTORIC,
276000803611147,male,276000803611134,276000802820072,1961,Hinterwaelder,-1.884352,HISTORIC,
276000802422603,female,276000803611147,276000802420296,1964,Hinterwaelder,-1.977423,HISTORIC,
276000802422611,female,,,1960,Hinterwaelder,-2.763200,HISTORIC,
276000802422760,female,,,1965,Vorderwaelder,-1.335214,HISTORIC,
276000803611186,male,276000800000699,276000802420123,1963,Hinterwaelder,-1.817833,HISTORIC,
276000802422798,female,276000803611186,276000802420078,1965,Hinterwaelder,-1.728802,HISTORIC,
276000802422906,female,276000800000723,276000802420170,1963,Hinterwaelder,-1.881799,HISTORIC,
276000802422962,female,276000803611173,276000802420471,1965,Hinterwaelder,-2.210740,HISTORIC,
276000802422963,female,276000803611173,276000802420487,1965,Hinterwaelder,-2.471366,HISTORIC,
276000802422970,female,276000803611166,,1965,Hinterwaelder,-2.262324,HISTORIC,
276000802423238,female,276000803611200,276000802420512,1965,Hinterwaelder,-2.317202,HISTORIC,
276000803611149,male,,276000802420321,1960,Hinterwaelder,-2.668633,HISTORIC,
276000802423239,female,276000803611149,276000802420501,1965,Hinterwaelder,-2.499567,HISTORIC,
276000802423253,female,276000803611149,276000802420509,1966,Hinterwaelder,-2.337549,HISTORIC,
276000802423273,female,,276000802420420,1966,Hinterwaelder,-2.080466,HISTORIC,
276000802423274,female,276000803611185,276000802420412,1966,Hinterwaelder,-2.465120,HISTORIC,
276000803611175,male,276000800000663,276000802420315,1962,Hinterwaelder,-1.933117,HISTORIC,
276000802423309,female,276000803611175,276000802420301,1965,Hinterwaelder,-1.512584,HISTORIC,
276000803611178,male,276000803611144,276000802420438,1962,Hinterwaelder,-2.177238,HISTORIC,
276000802423325,male,276000803611178,276000802420602,1965,Hinterwaelder,-2.141432,HISTORIC,
276000802423329,female,276000803611166,276000802420237,1965,Hinterwaelder,-2.118181,HISTORIC,
276000803611170,male,276000800000678,276000800002219,1962,Hinterwaelder,-1.542422,HISTORIC,
276000802423352,female,276000803611170,276000802420160,1966,Hinterwaelder,-1.671444,HISTORIC,
276000802423390,female,276000803611173,276000802420492,1966,Hinterwaelder,-2.167975,HISTORIC,
276000803611190,male,,276000802420593,1962,Hinterwaelder,-2.630014,HISTORIC,
276000802423584,female,276000803611190,276000802420171,1966,Hinterwaelder,-2.109553,HISTORIC,
276000802423844,female,276000800000855,,1966,Hinterwaelder,-1.277150,HISTORIC,
276000802423923,female,276000803611200,276000802420537,1967,Hinterwaelder,-2.323995,HISTORIC,
276000802423949,female,,,1967,Hinterwaelder,-2.265134,HISTORIC,
276000802424006,female,276000802060840,,1966,Hinterwaelder,-2.087236,HISTORIC,
276000802424013,male,276000803611183,276000802420240,1966,Hinterwaelder,-2.750230,HISTORIC,
276000802424040,female,276000803611183,276000802420238,1966,Hinterwaelder,-2.958024,HISTORIC,
276000802424057,female,276000802060854,,1966,Hinterwaelder,-1.499054,HISTORIC,
276000803611209,male,276000800000723,276000802420174,1964,Hinterwaelder,-2.104234,HISTORIC,
276000802424083,female,276000803611209,276000802420574,1967,Hinterwaelder,-1.765340,HISTORIC,
276000802424093,female,276000803611183,276000802422209,1966,Hinterwaelder,-2.024574,HISTORIC,
276000803611215,male,276000803611149,276000802420533,1964,Hinterwaelder,-2.420380,HISTORIC,
276000802424167,female,276000803611215,276000802422970,1968,Hinterwaelder,-2.317660,HISTORIC,
276000803611242,male,276000803611161,276000802422219,1965,Hinterwaelder,-1.734220,HISTORIC,
276000802424192,female,276000803611242,276000802420453,1968,Hinterwaelder,-2.258853,HISTORIC,
276000802424602,male,276000803611220,,1967,Hinterwaelder,-2.385361,HISTORIC,
276000802820108,female,,,1951,Hinterwaelder,-3.175518,HISTORIC,
276000802820109,female,276000800000622,276000802820108,1959,Hinterwaelder,-2.039318,HISTORIC,
276000802820114,female,276000803611134,276000802820109,1962,Hinterwaelder,-1.335485,HISTORIC,
276000803611162,male,276000800000663,276000802420314,1961,Hinterwaelder,-1.206518,HISTORIC,
276000803611222,male,276000803611162,276000802820114,1964,Hinterwaelder,-0.972624,HISTORIC,
276000802424616,female,276000803611222,276000802422611,1967,Hinterwaelder,-1.906976,HISTORIC,
276000802424643,male,,,1967,Vorderwaelder,-1.156863,HISTORIC,
276000803611171,male,276000803611138,276000802420360,1962,Hinterwaelder,-1.961926,HISTORIC,
276000803611224,male,276000803611171,276000802420386,1964,Hinterwaelder,-1.688037,HISTORIC,
276000802424761,male,276000803611224,276000802420503,1968,Hinterwaelder,-1.306241,HISTORIC,
276000802425099,female,276000803611220,276000802422595,1968,Hinterwaelder,-2.078210,HISTORIC,
276000802425136,female,276000802423216,276000802420313,1968,Hinterwaelder,-1.925645,HISTORIC,
276000803611238,male,276000803611198,276000802420697,1966,Hinterwaelder,-2.062730,HISTORIC,
276000802425201,female,276000803611238,276000802420752,1968,Hinterwaelder,-2.292086,HISTORIC,
276000803611236,male,276000803611185,276000802420311,1965,Hinterwaelder,-2.318084,HISTORIC,
276000802425224,female,276000803611236,,1968,Hinterwaelder,-2.059199,HISTORIC,
276000803611226,male,276000803611161,276000802420720,1964,Hinterwaelder,-2.251508,HISTORIC,
276000802425269,female,276000803611226,276000802420258,1969,Hinterwaelder,-2.032809,HISTORIC,
276000803611214,male,276000803611136,276000802420230,1964,Hinterwaelder,-2.011010,HISTORIC,
276000803611256,male,276000803611214,276000802420450,1966,Hinterwaelder,-2.135485,HISTORIC,
276000802425272,female,276000803611256,276000802420134,1969,Hinterwaelder,-2.139631,HISTORIC,
276000803611237,male,276000803611186,276000802422555,1966,Hinterwaelder,-1.435918,HISTORIC,
276000802425292,female,276000803611237,276000802423584,1969,Hinterwaelder,-2.045806,HISTORIC,
276000802425317,female,,276000802420575,1964,Hinterwaelder,-1.983104,HISTORIC,
276000802425351,female,276000802424013,276000802420471,1969,Hinterwaelder,-1.950184,HISTORIC,
276000803611229,male,276000803611161,276000802420721,1964,Hinterwaelder,-2.705678,HISTORIC,
276000802425354,female,276000803611229,276000802420231,1969,Hinterwaelder,-2.106121,HISTORIC,
276000803611248,male,276000803611146,276000802420280,1966,Hinterwaelder,-1.514467,HISTORIC,
276000802425389,female,276000803611248,276000802420301,1969,Hinterwaelder,-1.098256,HISTORIC,
276000803611199,male,276000803611139,276000802420710,1963,Hinterwaelder,-2.549564,HISTORIC,
276000803611264,male,276000803611199,276000802420756,1967,Hinterwaelder,-2.098915,HISTORIC,
276000802426172,female,276000803611264,276000802422798,1970,Hinterwaelder,-1.694348,HISTORIC,
276000802820021,female,,,1960,Hinterwaelder,-2.633941,HISTORIC,
276000802820036,female,,,1949,Hinterwaelder,-3.484208,HISTORIC,
276000803611203,male,276000803611143,276000802820036,1963,Hinterwaelder,-2.209048,HISTORIC,
276000802831834,male,276000803611203,276000802820021,1967,Hinterwaelder,-1.817771,HISTORIC,
276000802426194,female,276000802831834,276000802420420,1970,Hinterwaelder,-1.591957,HISTORIC,
276000802426202,female,,,1966,Hinterwaelder,-2.485330,HISTORIC,
276000802426228,female,276000803611256,276000802420132,1969,Hinterwaelder,-2.061886,HISTORIC,
276000802426238,female,276000803611260,276000802420714,1970,Hinterwaelder,-1.330102,HISTORIC,
276000802426244,female,276000802424761,276000802422392,1970,Hinterwaelder,-1.555423,HISTORIC,
276000802820042,female,,276000800002675,1960,Hinterwaelder,-1.827426,HISTORIC,
276000803611258,male,276000800000884,276000802820042,1967,Hinterwaelder,-1.073305,HISTORIC,
276000802426253,female,276000803611258,276000802424040,1970,Hinterwaelder,-1.175512,HISTORIC,
276000802426284,female,276000803611260,276000802422286,1970,Hinterwaelder,-1.718435,HISTORIC,
276000802426292,female,276000802424761,276000802420298,1970,Hinterwaelder,-2.001485,HISTORIC,
276000802426299,female,276000803611256,,1970,Hinterwaelder,-2.057591,HISTORIC,
276000802426335,female,276000803611258,,1970,Hinterwaelder,-1.946693,HISTORIC,
276000803611232,male,276000803611149,276000802420539,1965,Hinterwaelder,-2.149087,HISTORIC,
276000803611267,male,276000803611232,276000802820114,1967,Hinterwaelder,-1.736967,HISTORIC,
276000802426336,female,276000803611267,276000802420171,1970,Hinterwaelder,-1.900458,HISTORIC,
276000802820064,female,,,1958,Hinterwaelder,-2.850239,HISTORIC,
276000802820043,female,,,1953,Hinterwaelder,-2.687399,HISTORIC,
276000803611204,male,276000803611143,276000802820043,1963,Hinterwaelder,-2.781369,HISTORIC,
276000803611263,male,276000803611204,276000802820064,1967,Hinterwaelder,-2.269647,HISTORIC,
276000802426359,female,276000803611263,276000802422475,1971,Hinterwaelder,-1.871515,HISTORIC,
276000802426376,female,,,1968,Hinterwaelder,-2.078688,HISTORIC,
276000802426962,female,276000802424602,276000802423239,1971,Hinterwaelder,-1.895431,HISTORIC,
276000803611235,male,276000800000786,276000802420442,1965,Hinterwaelder,-1.063308,HISTORIC,
276000803611284,male,276000803611235,276000802420025,1968,Hinterwaelder,-1.898891,HISTORIC,
276000802427205,female,276000803611284,276000802422459,1971,Hinterwaelder,-1.343823,HISTORIC,
276000802820049,female,,276000800002521,1960,Hinterwaelder,-2.053644,HISTORIC,
276000803611270,male,276000802423325,276000802820049,1968,Hinterwaelder,-1.802524,HISTORIC,
276000802427211,female,276000803611270,276000802422340,1971,Hinterwaelder,-1.656048,HISTORIC,
276000802427239,female,,,1971,Hinterwaelder,-0.606593,HISTORIC,
276000802427254,female,,,1967,Hinterwaelder,-2.524188,HISTORIC,
276000802427260,female,276000803611256,276000802424006,1970,Hinterwaelder,-1.632404,HISTORIC,
276000803611274,male,276000803611245,276000802420724,1968,Hinterwaelder,-2.134047,HISTORIC,
276000802427262,female,276000803611274,276000802422457,1971,Hinterwaelder,-1.206837,HISTORIC,
276000802427263,female,276000803611281,276000802425201,1971,Hinterwaelder,-2.026988,HISTORIC,
276000803611271,male,276000803611244,276000802423238,1968,Hinterwaelder,-2.831120,HISTORIC,
276000802427271,female,276000803611271,276000802420486,1972,Hinterwaelder,-1.740381,HISTORIC,
276000803611257,male,276000803611183,276000802422324,1967,Hinterwaelder,-1.991938,HISTORIC,
276000803611312,male,276000803611257,276000802820042,1969,Hinterwaelder,-1.993901,HISTORIC,
276000802427276,female,276000803611312,276000802425354,1972,Hinterwaelder,-1.854147,HISTORIC,
276000802427292,female,276000803611309,276000802422441,1972,Hinterwaelder,-2.328085,HISTORIC,
276000802820047,female,,,1957,Hinterwaelder,-3.457923,HISTORIC,
276000803611283,male,276000803611232,276000802820047,1969,Hinterwaelder,-2.135843,HISTORIC,
276000802427300,female,276000803611283,276000802424057,1972,Hinterwaelder,-1.651549,HISTORIC,
276000802427310,female,276000803611271,276000802422266,1972,Hinterwaelder,-2.046778,HISTORIC,
276000803611311,male,276000802424013,276000802422266,1969,Hinterwaelder,-2.217117,HISTORIC,
276000802427325,female,276000803611311,276000802422208,1972,Hinterwaelder,-2.038090,HISTORIC,
276000802825204,female,276000803611162,,1964,Hinterwaelder,-1.924318,HISTORIC,
276000803611310,male,276000802423325,276000802825204,1969,Hinterwaelder,-1.667559,HISTORIC,
276000802427347,female,276000803611310,276000802425389,1972,Hinterwaelder,-0.870135,HISTORIC,
276000802820048,female,276000800000622,,1959,Hinterwaelder,-2.113941,HISTORIC,
276000803611296,male,276000802423325,276000802820048,1969,Hinterwaelder,-1.420735,HISTORIC,
276000802427352,female,276000803611296,276000802426202,1972,Hinterwaelder,-1.463204,HISTORIC,
276000803611328,male,276000802424761,276000802423309,1970,Hinterwaelder,-1.390808,HISTORIC,
276000802427366,female,276000803611328,276000802425224,1972,Hinterwaelder,-1.727650,HISTORIC,
276000802427391,female,,276000802420117,1962,Hinterwaelder,-2.801632,HISTORIC,
276000802427665,female,276000803611291,276000802425136,1972,Hinterwaelder,-1.933938,HISTORIC,
276000802427691,female,276000803611282,276000802423273,1972,Hinterwaelder,-2.050820,HISTORIC,
276000802428209,female,,,1970,Hinterwaelder,-1.894226,HISTORIC,
276000803611218,male,276000803611138,276000802420360,1964,Hinterwaelder,-1.696930,HISTORIC,
276000803611340,male,276000803611218,276000802423949,1971,Hinterwaelder,-1.785944,HISTORIC,
276000802428243,female,276000803611340,276000802426292,1973,Hinterwaelder,-1.429564,HISTORIC,
276000802428278,female,276000803611340,276000802425269,1973,Hinterwaelder,-1.801913,HISTORIC,
276000802428280,female,276000803611296,276000802423352,1973,Hinterwaelder,-1.698370,HISTORIC,
276000802428362,female,276000802829838,276000802420301,1973,Hinterwaelder,-0.760093,HISTORIC,
276000802428379,female,,276000802427292,1973,Hinterwaelder,-1.264370,HISTORIC,
276000802428392,female,276000803611045,276000802425201,1974,Hinterwaelder,-0.947035,HISTORIC,
276000803611355,male,276000803611282,276000802422757,1971,Hinterwaelder,-2.141183,HISTORIC,
276000802428801,female,276000803611355,276000802422209,1974,Hinterwaelder,-1.469070,HISTORIC,
276000802428802,female,276000803611355,,1973,Hinterwaelder,-1.112416,HISTORIC,
276000802428860,male,276000803611309,276000802422327,1974,Hinterwaelder,-1.247019,HISTORIC,
276000803622402,male,276000803611220,276000802420419,1968,Hinterwaelder,-2.132621,HISTORIC,
276000802428861,male,276000803622402,276000802425317,1974,Hinterwaelder,-1.407703,HISTORIC,
276000803611330,male,276000802831834,276000802422567,1970,Hinterwaelder,-2.048667,HISTORIC,
276000802428862,female,276000803611330,276000802424192,1974,Hinterwaelder,-1.643916,HISTORIC,
276000802428897,female,276000803611355,276000802424167,1974,Hinterwaelder,-1.472491,HISTORIC,
276000803611280,male,276000803611220,276000802420428,1968,Hinterwaelder,-1.886915,HISTORIC,
276000803611369,male,276000803611280,276000802420707,1972,Hinterwaelder,-1.937938,HISTORIC,
276000802428928,male,276000803611369,276000802425275,1974,Hinterwaelder,-1.141293,HISTORIC,
276000802428935,female,276000803611355,276000802423329,1974,Hinterwaelder,-1.821340,HISTORIC,
276000802428937,female,276000803611355,276000802426253,1974,Hinterwaelder,-1.083578,HISTORIC,
276000802428974,female,,,1972,Hinterwaelder,-0.795312,HISTORIC,
276000802428975,female,,,1972,Hinterwaelder,-0.821263,HISTORIC,
276000802627363,female,276000803622402,276000802422489,1972,Hinterwaelder,-1.514651,HISTORIC,
276000803611373,male,276000803611296,276000802422245,1972,Hinterwaelder,-1.814427,HISTORIC,
276000802428991,female,276000803611373,276000802627363,1974,Hinterwaelder,-1.912735,HISTORIC,
276000802429207,female,276000803611344,276000802420420,1974,Hinterwaelder,-1.152421,HISTORIC,
276000803611336,male,276000802424013,276000802420486,1971,Hinterwaelder,-1.568999,HISTORIC,
276000802429227,female,276000803611336,276000802425183,1974,Hinterwaelder,-1.816115,HISTORIC,
276000803611368,male,276000803611309,276000802422962,1972,Hinterwaelder,-1.948487,HISTORIC,
276000802429273,female,276000803611368,276000802423253,1974,Hinterwaelder,-2.077218,HISTORIC,
276000802429315,female,276000803611344,276000802425029,1974,Hinterwaelder,-1.649499,HISTORIC,
276000802429351,female,276000803611368,276000802422541,1975,Hinterwaelder,-1.071767,HISTORIC,
276000802429357,female,,276000802420428,1975,Hinterwaelder,-0.913748,HISTORIC,
276000803622403,male,,,1970,Hinterwaelder,-1.736982,HISTORIC,
276000803622413,male,276000803622403,276000802420196,1973,Hinterwaelder,-1.277278,HISTORIC,
276000802429358,female,276000803622413,276000802423274,1975,Hinterwaelder,-1.395118,HISTORIC,
276000802688267,female,,,1980,Sonstige_Kreuzungen,-0.422220,HISTORIC,
276000802688571,female,,,1984,Sonstige_Kreuzungen,0.476347,HISTORIC,
276000802820025,female,276000800000532,276000800003305,1957,Hinterwaelder,-1.105071,HISTORIC,
276000802820069,female,,,1958,Hinterwaelder,-2.688933,HISTORIC,
276000802820110,female,,,1957,Hinterwaelder,-2.983244,HISTORIC,
276000802822984,female,,,1957,Vorderwaelder,-1.070215,HISTORIC,
276000802823689,female,,,1963,Vorderwaelder,-1.398155,HISTORIC,
276000803611156,male,276000800000678,276000800003687,1961,Hinterwaelder,-1.291804,HISTORIC,
276000802825222,female,276000803611156,276000802820025,1964,Hinterwaelder,-1.440556,HISTORIC,
276000802828690,female,276000803611204,276000802820110,1966,Hinterwaelder,-2.125969,HISTORIC,
276000802829828,female,276000803611204,276000802820069,1967,Hinterwaelder,-2.107693,HISTORIC,
276000802832345,male,,,1968,Vorderwaelder,-1.016424,HISTORIC,
276000802833639,male,,,1967,Vorderwaelder,-0.517176,HISTORIC,
276000802833885,female,276000803611232,276000802820047,1968,Hinterwaelder,-2.653461,HISTORIC,
276000802848016,male,,,1971,Vorderwaelder,-0.466061,HISTORIC,
276000803611292,male,276000802424013,276000802422963,1969,Hinterwaelder,-1.993443,HISTORIC,
276000802851132,female,276000803611292,276000802829828,1972,Hinterwaelder,-2.475845,HISTORIC,
276000803611223,male,276000803611186,276000802420050,1965,Hinterwaelder,-2.475157,HISTORIC,
276000803622472,male,276000803611223,276000802420347,1968,Hinterwaelder,-2.315536,HISTORIC,
276000802851175,female,276000803622472,276000802825222,1972,Hinterwaelder,-1.073279,HISTORIC,
276000803611333,male,276000802831834,276000802420311,1970,Hinterwaelder,-2.130309,HISTORIC,
276000802859323,female,276000803611333,276000802828690,1974,Hinterwaelder,-2.040902,HISTORIC,
276000803611269,male,276000803611223,276000802420357,1968,Hinterwaelder,-1.952559,HISTORIC,
276000803611380,male,276000803611269,276000802422541,1972,Hinterwaelder,-1.022679,HISTORIC,
276000802865517,male,276000803611380,276000802420486,1975,Hinterwaelder,-0.908252,HISTORIC,
276000803611065,male,,,1965,Vorderwaelder,-1.461377,HISTORIC,
276000802865539,female,276000803611065,276000802422209,1975,Hinterwaelder,-0.833135,HISTORIC,
276000802865547,male,276000803611369,276000802420751,1975,Hinterwaelder,-2.039593,HISTORIC,
276000802865549,female,,,1972,Vorderwaelder,-1.063806,HISTORIC,
276000803611396,male,276000803611281,276000802425275,1971,Hinterwaelder,-2.400831,HISTORIC,
276000802865555,female,276000803611396,276000802426376,1975,Hinterwaelder,-1.689551,HISTORIC,
276000803611360,male,276000803611269,276000802422603,1971,Hinterwaelder,-1.725379,HISTORIC,
276000802865581,female,276000803611360,276000802426299,1975,Hinterwaelder,-1.209789,HISTORIC,
276000802865587,male,276000803611380,276000802427310,1975,Hinterwaelder,-1.178013,HISTORIC,
276000803622446,male,276000803611309,276000802422433,1973,Hinterwaelder,-1.357275,HISTORIC,
276000802865630,female,276000803622446,276000802427254,1975,Hinterwaelder,-1.612969,HISTORIC,
276000802865638,female,276000803611065,276000802424093,1975,Hinterwaelder,-0.878831,HISTORIC,
276000803611308,male,276000803611218,276000802427391,1970,Hinterwaelder,-1.529965,HISTORIC,
276000802865646,male,276000803611308,276000802422312,1975,Hinterwaelder,-1.549292,HISTORIC,
276000803611370,male,276000803611282,276000802426194,1972,Hinterwaelder,-1.657376,HISTORIC,
276000802865647,female,276000803611370,276000802422293,1975,Hinterwaelder,-1.347897,HISTORIC,
276000803611350,male,276000802831834,276000802423844,1970,Hinterwaelder,-1.825812,HISTORIC,
276000802865675,female,276000803611350,276000802422906,1975,Hinterwaelder,-1.240115,HISTORIC,
276000802865688,female,,,1969,Hinterwaelder,-2.270923,HISTORIC,
276000803611371,male,276000803611308,276000802422475,1972,Hinterwaelder,-1.678579,HISTORIC,
276000802865759,female,276000803611371,276000802427211,1975,Hinterwaelder,-1.737735,HISTORIC,
276000802865763,female,276000803611370,276000802427300,1976,Hinterwaelder,-1.285413,HISTORIC,
276000802865772,female,276000803622423,276000802423329,1975,Hinterwaelder,-1.407979,HISTORIC,
276000803622420,male,276000803611309,276000802423390,1973,Hinterwaelder,-1.266879,HISTORIC,
276000802866021,female,276000803622420,276000802829828,1975,Hinterwaelder,-1.589221,HISTORIC,
276000802866142,female,276000803622420,276000802825222,1975,Hinterwaelder,-0.453052,HISTORIC,
276000802875005,male,276000803622445,276000802425351,1976,Hinterwaelder,-1.238967,HISTORIC,
276000802875008,male,276000803622445,276000802422433,1976,Hinterwaelder,-0.848459,HISTORIC,
276000803611341,male,276000802831834,,1970,Hinterwaelder,-1.630530,HISTORIC,
276000803622440,male,276000803611341,276000802422248,1973,Hinterwaelder,-1.411596,HISTORIC,
276000802875009,female,276000803622440,276000802420451,1976,Hinterwaelder,-1.309187,HISTORIC,
276000802875023,male,276000803622446,276000802426244,1976,Hinterwaelder,-1.630105,HISTORIC,
276000802875040,male,276000803611368,276000802423923,1976,Hinterwaelder,-1.529409,HISTORIC,
276000802875050,male,276000803622445,276000802427271,1976,Hinterwaelder,-0.858217,HISTORIC,
276000802875052,female,276000803622445,276000802428379,1976,Hinterwaelder,-0.848727,HISTORIC,
276000803622453,male,276000803611344,276000802425029,1973,Hinterwaelder,-1.527751,HISTORIC,
276000802875056,male,276000803622453,276000802420172,1976,Hinterwaelder,-1.488497,HISTORIC,
276000803611346,male,276000802831834,276000802420439,1971,Hinterwaelder,-1.944268,HISTORIC,
276000802875106,male,276000803611346,276000802427665,1976,Hinterwaelder,-1.689606,HISTORIC,
276000802875117,female,276000803611368,276000802422541,1976,Hinterwaelder,-1.064037,HISTORIC,
276000802875160,male,276000803622446,276000802428243,1976,Hinterwaelder,-1.035353,HISTORIC,
276000802875181,female,276000803622423,276000802428801,1976,Hinterwaelder,-1.351275,HISTORIC,
276000802875182,female,276000803622423,276000802423329,1976,Hinterwaelder,-1.346428,HISTORIC,
276000802875197,male,276000803622413,276000802425029,1976,Hinterwaelder,-2.177063,HISTORIC,
276000802875199,female,276000802429314,276000802429275,1976,Hinterwaelder,-1.972848,HISTORIC,
276000802875235,female,,,1972,Hinterwaelder,-0.370829,HISTORIC,
276000802875250,male,276000803622446,276000802426292,1976,Hinterwaelder,-1.854218,HISTORIC,
276000802875253,female,276000803622421,276000802422215,1976,Hinterwaelder,-0.868911,HISTORIC,
276000803622450,male,276000802829838,276000802420751,1973,Hinterwaelder,-0.919767,HISTORIC,
276000802875281,male,276000803622450,276000802424616,1976,Hinterwaelder,-1.101929,HISTORIC,
276000803622409,male,276000803611296,276000802425272,1972,Hinterwaelder,-1.498074,HISTORIC,
276000802875295,male,276000803622409,276000802426284,1976,Hinterwaelder,-1.864258,HISTORIC,
276000802875301,male,276000803611346,276000802429227,1976,Hinterwaelder,-1.783729,HISTORIC,
276000802875349,female,276000803622423,276000802424040,1976,Hinterwaelder,-1.715109,HISTORIC,
276000803622470,male,276000802829838,276000802422757,1974,Hinterwaelder,-1.127198,HISTORIC,
276000802875357,female,276000803622470,276000802427300,1977,Hinterwaelder,-0.861151,HISTORIC,
276000802875371,female,276000803622440,276000802427262,1977,Hinterwaelder,-1.459936,HISTORIC,
276000802875384,female,276000803611308,276000802425183,1977,Hinterwaelder,-1.571645,HISTORIC,
276000802875400,female,276000802865517,276000802427260,1977,Hinterwaelder,-0.908521,HISTORIC,
276000802875407,male,276000803622450,276000802426172,1977,Hinterwaelder,-1.047352,HISTORIC,
276000802875408,male,276000803622450,276000802426228,1977,Hinterwaelder,-1.439279,HISTORIC,
276000802875426,female,276000803622446,276000802426292,1977,Hinterwaelder,-1.457996,HISTORIC,
276000802875427,male,276000803622446,276000802426244,1977,Hinterwaelder,-1.375191,HISTORIC,
276000802875428,female,276000803622446,276000802425269,1977,Hinterwaelder,-1.480563,HISTORIC,
276000802875458,female,276000803622421,276000802427205,1977,Hinterwaelder,-1.063364,HISTORIC,
276000803611367,male,,,1972,Hinterwaelder,-0.721405,HISTORIC,
276000802875471,female,276000803611367,276000802422257,1975,Hinterwaelder,-1.253595,HISTORIC,
276000802875475,female,,276000802865549,1977,Hinterwaelder,-0.479885,HISTORIC,
276000802875482,female,276000802865517,276000802425272,1977,Hinterwaelder,-1.927521,HISTORIC,
276000802875494,female,276000803622421,276000802422318,1977,Hinterwaelder,-1.252436,HISTORIC,
276000802875498,male,276000802428928,276000802426238,1977,Hinterwaelder,-1.182770,HISTORIC,
276000802875500,female,276000802429359,276000802427691,1977,Hinterwaelder,-1.242707,HISTORIC,
276000802875517,male,276000802428860,276000802427263,1977,Hinterwaelder,-1.155434,HISTORIC,
276000802875549,female,276000803611368,276000802428991,1977,Hinterwaelder,-1.569809,HISTORIC,
276000802875550,female,276000803622450,276000802422798,1977,Hinterwaelder,-1.059882,HISTORIC,
276000802875566,male,276000802429359,276000802420444,1977,Hinterwaelder,-1.861051,HISTORIC,
276000802875569,female,276000802429359,276000802429357,1977,Hinterwaelder,-0.937986,HISTORIC,
276000802883665,female,276000802429359,276000802423273,1977,Hinterwaelder,-1.428278,HISTORIC,
276000802883666,male,276000802429359,276000802425029,1977,Hinterwaelder,-1.560636,HISTORIC,
276000802883669,female,,,1975,Hinterwaelder,0.213460,HISTORIC,
276000802883692,female,276000802428861,276000802828690,1977,Hinterwaelder,-1.542138,HISTORIC,
276000802883720,male,276000802428861,276000802866142,1977,Hinterwaelder,-1.363581,HISTORIC,
276000802883736,male,276000803622421,276000802865630,1978,Hinterwaelder,-0.883809,HISTORIC,
276000802883742,female,,,1975,Hinterwaelder,-0.478165,HISTORIC,
276000802883756,female,276000802865517,276000802428278,1978,Hinterwaelder,-0.670204,HISTORIC,
276000802883769,male,276000803622421,276000802422489,1978,Hinterwaelder,-1.507447,HISTORIC,
276000802883791,female,,,1975,Hinterwaelder,-0.173609,HISTORIC,
276000802883897,male,276000802428860,276000802427263,1978,Hinterwaelder,-1.355967,HISTORIC,
276000802883914,female,276000802875008,276000802865638,1978,Hinterwaelder,-0.716071,HISTORIC,
276000802883932,female,276000802429359,276000802429242,1978,Hinterwaelder,-0.749293,HISTORIC,
276000802883937,female,276000802865547,276000802851175,1978,Hinterwaelder,-1.039875,HISTORIC,
276000802883943,female,276000802429359,276000802429315,1978,Hinterwaelder,-0.629744,HISTORIC,
276000802883956,male,276000803622453,276000802425292,1978,Hinterwaelder,-1.426427,HISTORIC,
276000802883983,female,276000802429359,276000802429357,1978,Hinterwaelder,-1.183716,HISTORIC,
276000802884007,male,276000802429359,276000802429207,1978,Hinterwaelder,-1.313107,HISTORIC,
276000802884033,female,276000802875250,276000802428392,1978,Hinterwaelder,-1.160779,HISTORIC,
276000802884037,male,276000802429359,276000802427683,1978,Hinterwaelder,-1.282618,HISTORIC,
276000802884053,female,276000802875040,276000802865647,1978,Hinterwaelder,-1.858582,HISTORIC,
276000802884077,female,276000802865587,276000802428280,1978,Hinterwaelder,-1.370408,HISTORIC,
276000802884089,female,276000802875023,276000802866142,1978,Hinterwaelder,-1.513989,HISTORIC,
276000802884099,male,276000802875056,276000802428362,1978,Hinterwaelder,-0.566852,HISTORIC,
276000802884124,female,276000802875295,276000802428862,1979,Hinterwaelder,-1.254636,HISTORIC,
276000802884133,female,276000802865517,276000802428278,1979,Hinterwaelder,-0.785949,HISTORIC,
276000802884157,female,276000802875008,276000802426335,1979,Hinterwaelder,-0.910208,HISTORIC,
276000802884182,female,276000802875301,276000802427271,1979,Hinterwaelder,-1.470553,HISTORIC,
276000802884185,male,276000802875056,276000802425269,1979,Hinterwaelder,-1.610967,HISTORIC,
276000802884187,female,276000802875408,276000802833885,1979,Hinterwaelder,-1.530248,HISTORIC,
276000802884194,female,276000802875005,276000802427205,1979,Hinterwaelder,-0.791309,HISTORIC,
276000802884203,female,276000802865587,276000802427239,1979,Hinterwaelder,-0.172643,HISTORIC,
276000802884204,female,276000802875008,276000802427276,1979,Hinterwaelder,-1.339988,HISTORIC,
276000802884216,male,276000802865646,276000802426359,1979,Hinterwaelder,-1.895612,HISTORIC,
276000802884293,female,,,1975,Hinterwaelder,-0.373265,HISTORIC,
276000802884327,male,276000802883666,276000802875199,1979,Hinterwaelder,-1.379284,HISTORIC,
276000802884393,female,,,1975,Hinterwaelder,-0.296603,HISTORIC,
276000802884411,female,276000802875008,276000802428935,1979,Hinterwaelder,-1.527120,HISTORIC,
276000802884413,female,276000802875008,276000802875182,1979,Hinterwaelder,-1.583770,HISTORIC,
276000802884445,female,,,1973,Hinterwaelder,-0.369278,HISTORIC,
276000802884447,female,,,1979,Hinterwaelder,0.031946,HISTORIC,
276000803622475,male,276000802833639,276000802822984,1971,Hinterwaelder,-0.400812,HISTORIC,
276000802884464,male,276000803622475,276000802429275,1979,Hinterwaelder,-1.077957,HISTORIC,
276000802884469,female,276000802875281,276000802428974,1979,Hinterwaelder,-0.533720,HISTORIC,
276000802884509,male,276000802875008,276000802865539,1980,Hinterwaelder,-0.760568,HISTORIC,
276000802884541,female,276000802883720,276000802875458,1980,Hinterwaelder,-1.194317,HISTORIC,
276000802884549,female,276000802875407,276000802428975,1979,Hinterwaelder,-0.706922,HISTORIC,
276000802884582,female,276000803622475,276000802427271,1980,Hinterwaelder,-0.389529,HISTORIC,
276000802884589,male,276000802875407,276000802875500,1980,Hinterwaelder,-0.678376,HISTORIC,
276000802884591,female,276000802875197,276000802883791,1980,Hinterwaelder,-1.320620,HISTORIC,
276000802885291,female,,,1975,Hinterwaelder,-0.042674,HISTORIC,
276000802885257,female,,276000802885291,1978,Hinterwaelder,-0.585193,HISTORIC,
276000802898005,female,276000802875250,276000802875235,1980,Hinterwaelder,-0.833861,HISTORIC,
276000802898010,male,276000802875050,276000802875550,1980,Hinterwaelder,-0.622709,HISTORIC,
276000802898019,female,276000802865587,276000802428209,1980,Hinterwaelder,-1.496863,HISTORIC,
276000802898024,male,276000802875408,276000802866021,1980,Hinterwaelder,-1.000493,HISTORIC,
276000802898046,male,276000802875498,276000802426359,1980,Hinterwaelder,-1.119006,HISTORIC,
276000802898048,female,,,1976,Hinterwaelder,-0.971367,HISTORIC,
276000802898049,female,276000802875002,276000802884445,1980,Hinterwaelder,-0.602202,HISTORIC,
276000802898054,female,276000802875106,276000802426962,1980,Hinterwaelder,-1.863377,HISTORIC,
276000802898058,female,,276000802427325,1980,Hinterwaelder,-0.795031,HISTORIC,
276000802898111,male,276000802875498,276000802875471,1980,Hinterwaelder,-1.082931,HISTORIC,
276000802898113,male,276000802848016,276000802425099,1980,Hinterwaelder,-1.308694,HISTORIC,
276000802898116,female,276000802875407,276000802883665,1980,Hinterwaelder,-0.560482,HISTORIC,
276000802898132,female,276000802884007,276000802883692,1980,Hinterwaelder,-1.622522,HISTORIC,
276000802898138,female,,,1977,Hinterwaelder,-0.759414,HISTORIC,
276000802898147,male,276000802875517,276000802851175,1980,Hinterwaelder,-0.995606,HISTORIC,
276000802898148,female,,,1976,Hinterwaelder,-0.438227,HISTORIC,
276000802898149,female,,,1978,Hinterwaelder,0.051922,HISTORIC,
276000802898157,female,,,1978,Hinterwaelder,-0.497349,HISTORIC,
276000802898167,male,276000802883956,276000802427263,1980,Hinterwaelder,-1.180876,HISTORIC,
276000802898175,female,,,1977,Hinterwaelder,-0.317887,HISTORIC,
276000802898177,female,276000802875566,276000802875357,1980,Hinterwaelder,-1.589660,HISTORIC,
276000802898183,male,276000802875160,276000802875182,1980,Hinterwaelder,-1.409588,HISTORIC,
276000802898202,male,276000802875517,276000802883937,1980,Hinterwaelder,-1.104052,HISTORIC,
276000802898216,female,276000802883666,276000802875117,1981,Hinterwaelder,-0.732717,HISTORIC,
276000802898231,male,276000802883667,276000802426292,1980,Hinterwaelder,-1.215228,HISTORIC,
276000803622476,male,276000802832345,276000802823689,1971,Hinterwaelder,-0.103306,HISTORIC,
276000802898244,male,276000803622476,276000802429275,1981,Hinterwaelder,-0.992451,HISTORIC,
276000802898257,female,276000803622475,276000802426336,1981,Hinterwaelder,-1.128954,HISTORIC,
276000802898266,female,276000802875160,276000802428802,1980,Hinterwaelder,-1.268266,HISTORIC,
276000802898273,male,276000802883666,276000802428974,1981,Hinterwaelder,-0.682629,HISTORIC,
276000803622473,male,276000802424643,276000802422760,1971,Hinterwaelder,-1.082921,HISTORIC,
276000802898274,male,276000803622473,276000802429273,1981,Hinterwaelder,-0.426088,HISTORIC,
276000802898283,female,276000802884074,276000802429358,1981,Hinterwaelder,-1.402215,HISTORIC,
276000802898348,male,276000803622473,276000802427352,1981,Hinterwaelder,-0.560745,HISTORIC,
276000802898354,female,276000803622476,276000802425269,1981,Hinterwaelder,-0.955922,HISTORIC,
276000802898448,female,276000802884074,276000802427691,1981,Hinterwaelder,-1.236851,HISTORIC,
276000802898449,male,276000802884074,276000802425099,1981,Hinterwaelder,-0.871720,HISTORIC,
276000802898529,female,276000802883666,276000802429351,1981,Hinterwaelder,-1.067501,HISTORIC,
276000802898536,female,276000802884074,276000802883742,1981,Hinterwaelder,-0.600560,HISTORIC,
276000802898546,female,,276000802865555,1981,Hinterwaelder,-0.812984,HISTORIC,
276000802898548,female,,,1978,Hinterwaelder,-0.033710,HISTORIC,
276000802898551,female,276000802883667,276000802875428,1981,Hinterwaelder,-1.436073,HISTORIC,
276000802898562,male,276000802884464,276000802427683,1981,Hinterwaelder,-0.727642,HISTORIC,
276000802898570,male,276000802875197,276000802875549,1981,Hinterwaelder,-1.102591,HISTORIC,
276000802898580,male,276000802883956,276000802427372,1981,Hinterwaelder,-0.992293,HISTORIC,
276000802898592,female,276000802883769,276000802875400,1981,Hinterwaelder,-0.563434,HISTORIC,
276000802898596,male,276000802875517,276000802851175,1982,Hinterwaelder,-1.262231,HISTORIC,
276000802898597,female,276000802875517,276000802883937,1981,Hinterwaelder,-1.417667,HISTORIC,
276000802898603,female,276000802875427,276000802883951,1981,Hinterwaelder,-0.801953,HISTORIC,
276000802898648,female,276000802884099,276000802865763,1982,Hinterwaelder,-0.231832,HISTORIC,
276000802898666,female,276000802883897,276000802865675,1982,Hinterwaelder,-0.604488,HISTORIC,
276000802898672,female,276000802884509,276000802427347,1982,Hinterwaelder,-0.843028,HISTORIC,
276000802898673,male,276000802884509,276000802875494,1982,Hinterwaelder,-1.134747,HISTORIC,
276000802898675,male,276000802884509,276000802865630,1982,Hinterwaelder,-1.090076,HISTORIC,
276000802898683,female,276000802883769,276000802427260,1982,Hinterwaelder,-0.881684,HISTORIC,
276000802898690,female,276000802875160,276000802875181,1982,Hinterwaelder,-1.661404,HISTORIC,
276000802898697,female,276000802884216,276000802427271,1982,Hinterwaelder,-0.744096,HISTORIC,
276000802898719,female,,,1977,Hinterwaelder,-0.385896,HISTORIC,
276000802898729,male,276000802884037,276000802426962,1982,Hinterwaelder,-0.948840,HISTORIC,
276000802898750,female,276000802884007,276000802859323,1982,Hinterwaelder,-1.004586,HISTORIC,
276000802898752,female,,276000802898148,1982,Hinterwaelder,0.239709,HISTORIC,
276000802898775,male,276000802884074,276000802425099,1982,Hinterwaelder,-1.274054,HISTORIC,
276000802898800,male,276000802883736,276000802426284,1982,Hinterwaelder,-1.284101,HISTORIC,
276000802898807,female,276000802875160,276000802884411,1982,Hinterwaelder,-1.147319,HISTORIC,
276000802898810,female,276000802884589,276000802424083,1982,Hinterwaelder,-1.285671,HISTORIC,
276000802898815,female,276000802898113,276000802883983,1982,Hinterwaelder,-1.368591,HISTORIC,
276000802898888,male,276000802884074,276000802898116,1982,Hinterwaelder,-0.992909,HISTORIC,
276000802898890,female,276000802898024,276000802884591,1982,Hinterwaelder,-0.730499,HISTORIC,
276000802898990,female,276000802898167,276000802428974,1983,Hinterwaelder,-0.572677,HISTORIC,
276000802907821,female,,,1977,Hinterwaelder,-0.207743,HISTORIC,
276000802908095,male,276000802898183,276000802898132,1983,Hinterwaelder,-1.795080,HISTORIC,
276000802907824,female,276000802908095,276000802884393,1985,Hinterwaelder,-0.411431,HISTORIC,
276000802907833,female,,,1983,Hinterwaelder,-0.272944,HISTORIC,
276000802907838,female,,,1985,Hinterwaelder,0.170632,HISTORIC,
276000802907844,female,,,1983,Hinterwaelder,-0.082911,HISTORIC,
276000802907851,female,276000802898449,276000802883669,1985,Hinterwaelder,-0.559599,HISTORIC,
276000802907855,male,276000802898273,276000802851175,1985,Hinterwaelder,-0.747656,HISTORIC,
276000802907862,female,276000802898800,276000802898049,1985,Hinterwaelder,-0.830600,HISTORIC,
276000802907865,female,276000802898580,276000802884293,1985,Hinterwaelder,-0.337962,HISTORIC,
276000802907887,female,276000802898244,276000802884182,1985,Hinterwaelder,-0.795980,HISTORIC,
276000802907903,male,276000802898231,276000802851132,1985,Hinterwaelder,-1.899525,HISTORIC,
276000802907916,female,,276000802898548,1985,Hinterwaelder,-0.081015,HISTORIC,
276000802907925,female,276000802898244,276000802883742,1985,Hinterwaelder,0.018023,HISTORIC,
276000802907927,female,276000802898244,276000802883932,1985,Hinterwaelder,-0.925701,HISTORIC,
276000802907937,female,276000802898449,276000802875482,1985,Hinterwaelder,-1.298764,HISTORIC,
276000802908126,male,276000802898046,276000802884133,1983,Hinterwaelder,-1.029806,HISTORIC,
276000802907952,female,276000802908126,276000802898116,1985,Hinterwaelder,-0.954881,HISTORIC,
276000802907964,female,276000802898273,276000802898597,1985,Hinterwaelder,-1.051450,HISTORIC,
276000802908188,male,276000802898046,276000802883757,1983,Hinterwaelder,-1.635816,HISTORIC,
276000802907966,male,276000802908188,276000802898807,1985,Hinterwaelder,-1.125589,HISTORIC,
276000802908002,female,,276000802875052,1983,Hinterwaelder,-0.574347,HISTORIC,
276000802907977,female,276000802883751,276000802908002,1985,Hinterwaelder,-0.994556,HISTORIC,
276000802907982,female,,,1983,Hinterwaelder,0.250703,HISTORIC,
276000802908039,male,276000802898348,276000802428278,1983,Hinterwaelder,-0.347816,HISTORIC,
276000802908040,female,276000802884509,276000802865630,1983,Hinterwaelder,-0.702461,HISTORIC,
276000802908048,female,276000802898274,276000802884053,1983,Hinterwaelder,-0.819408,HISTORIC,
276000802908050,male,276000802898274,276000802865763,1983,Hinterwaelder,-1.098556,HISTORIC,
276000802908066,female,276000802898010,276000802865688,1983,Hinterwaelder,-1.074845,HISTORIC,
276000802908143,male,276000802875517,276000802427271,1983,Hinterwaelder,-0.426874,HISTORIC,
276000802908185,female,276000802898046,276000802428937,1983,Hinterwaelder,-1.172472,HISTORIC,
276000802908193,male,276000802898244,276000802883932,1983,Hinterwaelder,-0.856455,HISTORIC,
276000802908196,male,276000802898244,276000802883943,1983,Hinterwaelder,-0.817662,HISTORIC,
276000802908217,female,276000802884327,276000802898257,1983,Hinterwaelder,-0.925822,HISTORIC,
276000802908274,female,276000802898244,276000802898448,1983,Hinterwaelder,-0.713482,HISTORIC,
276000802908282,male,276000802884589,276000802875384,1983,Hinterwaelder,-0.689935,HISTORIC,
276000802908285,female,276000802898046,276000802865772,1983,Hinterwaelder,-1.119030,HISTORIC,
276000802908301,female,276000802898244,276000802425099,1983,Hinterwaelder,-0.922457,HISTORIC,
276000802908330,female,,,1981,Hinterwaelder,0.428796,HISTORIC,
276000802908347,male,276000802898111,276000802898054,1984,Hinterwaelder,-0.916158,HISTORIC,
276000802908352,female,276000802898046,276000802426253,1983,Hinterwaelder,-1.228579,HISTORIC,
276000802908384,female,276000802898147,276000802884393,1984,Hinterwaelder,-0.389530,HISTORIC,
276000802908396,female,276000802898202,276000802898719,1984,Hinterwaelder,-0.665026,HISTORIC,
276000802908398,female,276000802898449,276000802865581,1984,Hinterwaelder,-1.364004,HISTORIC,
276000802908427,female,276000802898244,276000802428975,1984,Hinterwaelder,-0.525063,HISTORIC,
276000802908469,male,276000802898449,276000802427352,1984,Hinterwaelder,-1.261801,HISTORIC,
276000802908489,female,276000802898596,276000802884411,1984,Hinterwaelder,-0.717596,HISTORIC,
276000802908490,male,276000802898596,276000802428897,1984,Hinterwaelder,-1.180747,HISTORIC,
276000802908503,male,276000802898244,276000802883742,1984,Hinterwaelder,-0.206206,HISTORIC,
276000802908517,female,276000802898675,276000802429273,1984,Hinterwaelder,-0.911074,HISTORIC,
276000802908537,female,,,1978,Hinterwaelder,-0.161626,HISTORIC,
276000802908545,female,276000802898449,276000802898019,1984,Hinterwaelder,-1.364464,HISTORIC,
276000802908566,male,276000802898244,276000802875569,1984,Hinterwaelder,0.077695,HISTORIC,
276000802908567,female,276000802898244,276000802898815,1984,Hinterwaelder,-0.503919,HISTORIC,
276000802908581,female,276000802898580,276000802898177,1984,Hinterwaelder,-0.918410,HISTORIC,
276000802908590,female,276000802898596,276000802875182,1984,Hinterwaelder,-0.414519,HISTORIC,
276000802908591,male,276000802898675,276000802884469,1984,Hinterwaelder,-0.481734,HISTORIC,
276000802908595,female,,,1982,Sonstige_Kreuzungen,-0.134760,HISTORIC,
276000802908601,female,276000802898800,276000802884447,1984,Hinterwaelder,-0.995206,HISTORIC,
276000802908632,male,276000802898626,276000802883756,1984,Hinterwaelder,-0.240451,HISTORIC,
276000802908645,female,276000802898729,276000802898750,1984,Hinterwaelder,-1.334215,HISTORIC,
276000802908651,female,276000802898244,276000802425099,1984,Hinterwaelder,-0.966050,HISTORIC,
276000802908663,female,,,1982,Hinterwaelder,0.112442,HISTORIC,
276000802908664,female,276000802898729,276000802908663,1984,Hinterwaelder,-0.770416,HISTORIC,
276000802908670,male,276000802898596,276000802884157,1984,Hinterwaelder,-1.034732,HISTORIC,
276000802908698,female,276000802898675,276000802898529,1985,Hinterwaelder,-0.800210,HISTORIC,
276000802908704,female,276000802898449,276000802884203,1984,Hinterwaelder,-0.962164,HISTORIC,
276000802908753,male,276000802898244,276000802884549,1985,Hinterwaelder,-0.803187,HISTORIC,
276000802908758,female,276000802898244,276000802429315,1985,Hinterwaelder,-0.378921,HISTORIC,
276000802908765,female,276000802898596,276000802865539,1985,Hinterwaelder,-0.675780,HISTORIC,
276000802908785,male,276000802898580,276000802875357,1985,Hinterwaelder,-1.419205,HISTORIC,
276000802908786,male,276000802898244,276000802884194,1985,Hinterwaelder,-0.613575,HISTORIC,
276000802918007,female,276000802883751,276000802427205,1985,Hinterwaelder,-0.650753,HISTORIC,
276000802918011,female,,,1981,Hinterwaelder,-0.406759,HISTORIC,
276000802918012,female,276000802898673,276000802918011,1985,Hinterwaelder,-0.677908,HISTORIC,
276000802918061,female,276000802908193,276000802908048,1985,Hinterwaelder,-0.524047,HISTORIC,
276000802918082,female,276000802898675,276000802898990,1985,Hinterwaelder,-0.464121,HISTORIC,
276000802918090,female,276000802908143,276000802908663,1985,Hinterwaelder,-0.510204,HISTORIC,
276000802918095,female,,,1982,Sonstige_Kreuzungen,-0.076574,HISTORIC,
276000802918096,female,276000802898562,276000802918095,1985,Hinterwaelder,-0.503933,HISTORIC,
276000802918105,male,276000802898675,276000802898216,1986,Hinterwaelder,-1.156726,HISTORIC,
276000802918110,male,276000802898626,276000802908330,1986,Hinterwaelder,-0.527003,HISTORIC,
276000802918161,female,,,1981,Hinterwaelder,-0.242747,HISTORIC,
276000802918183,female,276000802908095,276000802875475,1986,Hinterwaelder,-0.624082,HISTORIC,
276000802918191,female,276000802908196,276000802908066,1986,Hinterwaelder,-0.414703,HISTORIC,
276000802918247,female,276000802898449,276000802875400,1986,Hinterwaelder,-0.912333,HISTORIC,
276000802918276,female,276000802908126,276000802898536,1986,Hinterwaelder,0.167219,HISTORIC,
276000802918304,female,276000802898580,276000802918161,1986,Hinterwaelder,0.251868,HISTORIC,
276000802918360,female,276000802908095,276000802898149,1986,Hinterwaelder,-0.569365,HISTORIC,
276000802918387,male,276000802908143,276000802884187,1986,Hinterwaelder,-1.014173,HISTORIC,
276000802918394,female,276000802908566,276000802907844,1986,Hinterwaelder,-0.298998,HISTORIC,
276000802918395,female,276000802908566,276000802908537,1986,Hinterwaelder,-0.013330,HISTORIC,
276000802918402,female,276000802898888,276000802898890,1986,Hinterwaelder,-0.440767,HISTORIC,
276000802918407,female,,276000802908301,1986,Hinterwaelder,-0.358824,HISTORIC,
276000802918408,male,276000802908566,276000802898815,1986,Hinterwaelder,-0.447653,HISTORIC,
276000802918439,female,276000802898775,276000802865759,1986,Hinterwaelder,-0.458510,HISTORIC,
276000802918443,male,276000802908050,276000802875371,1985,Hinterwaelder,-0.885774,HISTORIC,
276000802918444,male,276000802898580,276000802884582,1986,Hinterwaelder,-0.606643,HISTORIC,
276000802918450,female,276000802908196,276000802884077,1986,Hinterwaelder,-0.504899,HISTORIC,
276000802918454,female,276000802908354,276000802875182,1986,Hinterwaelder,-1.577788,HISTORIC,
276000802918457,female,276000802908354,276000802884413,1986,Hinterwaelder,-0.907426,HISTORIC,
276000802918458,female,276000802908039,276000802427366,1986,Hinterwaelder,-0.418290,HISTORIC,
276000802918481,male,276000802908126,276000802883983,1986,Hinterwaelder,-0.628750,HISTORIC,
276000802918500,male,276000802908503,276000802884033,1986,Hinterwaelder,-0.580176,HISTORIC,
276000802918515,female,,,1982,Hinterwaelder,0.129710,HISTORIC,
276000802918523,female,,,1985,Hinterwaelder,-0.043837,HISTORIC,
276000802918548,female,,,1982,Hinterwaelder,-0.225884,HISTORIC,
276000802918549,female,,,1982,Hinterwaelder,0.348507,HISTORIC,
276000802918558,male,276000802908126,276000802898283,1986,Hinterwaelder,-0.758448,HISTORIC,
276000802918591,female,276000802908354,276000802898266,1986,Hinterwaelder,-0.503927,HISTORIC,
276000802918605,male,276000802898570,276000802898005,1986,Hinterwaelder,-0.690185,HISTORIC,
276000802918627,male,276000802908490,276000802898529,1986,Hinterwaelder,-0.791790,HISTORIC,
276000802918653,female,276000802908143,276000802908663,1987,Hinterwaelder,-0.231218,HISTORIC,
276000802918656,male,276000802908354,276000802865772,1986,Hinterwaelder,-0.948843,HISTORIC,
276000802918674,female,276000802908050,276000802884541,1987,Hinterwaelder,-1.015519,HISTORIC,
276000802918730,male,276000802908126,276000802908651,1987,Hinterwaelder,-0.463685,HISTORIC,
276000802918759,female,276000802908786,276000802918548,1987,Hinterwaelder,-0.290831,HISTORIC,
276000802918789,male,276000802908354,276000802883914,1987,Hinterwaelder,-0.650805,HISTORIC,
276000802918830,female,276000802908193,276000802898175,1987,Hinterwaelder,-0.572286,HISTORIC,
276000802918835,female,276000802908126,276000802428975,1987,Hinterwaelder,-0.243646,HISTORIC,
276000802918837,male,276000802908126,276000802898536,1987,Hinterwaelder,-0.562439,HISTORIC,
276000802918841,male,276000802898046,276000802875549,1987,Hinterwaelder,-0.247788,HISTORIC,
276000802918857,female,276000802908591,276000802898592,1987,Hinterwaelder,-0.280704,HISTORIC,
276000802918869,male,276000802907855,276000802875009,1987,Hinterwaelder,-0.638779,HISTORIC,
276000802918870,female,276000802908193,276000802898648,1987,Hinterwaelder,-0.566894,HISTORIC,
276000802918873,female,276000802908347,276000802898666,1987,Hinterwaelder,-0.825330,HISTORIC,
276000802918910,male,276000802908126,276000802875569,1987,Hinterwaelder,-1.088695,HISTORIC,
276000802918944,female,276000802908670,276000802884089,1987,Hinterwaelder,-0.631306,HISTORIC,
276000802918956,female,276000802908126,276000802907927,1987,Hinterwaelder,-1.033402,HISTORIC,
276000802918957,female,276000802908126,276000802908427,1987,Hinterwaelder,-0.506143,HISTORIC,
276000802918978,male,276000802908469,276000802875426,1987,Hinterwaelder,-1.346223,HISTORIC,
276000802925575,male,276000802918110,276000802898283,1988,Hinterwaelder,0.030395,HISTORIC,
276000802938600,female,276000802925575,276000802918870,1992,Hinterwaelder,-0.029289,HISTORIC,
276000802925223,male,276000802898570,276000802884194,1988,Hinterwaelder,-0.471990,HISTORIC,
276000802938196,male,276000802925223,276000802908185,1991,Hinterwaelder,-0.698672,HISTORIC,
276000802922473,male,276000802938196,276000802938600,1994,Hinterwaelder,-0.105929,HISTORIC,
276000802940303,female,276000802898580,276000802907977,1992,Hinterwaelder,-0.503461,HISTORIC,
276000802922479,female,276000802918105,276000802940303,1994,Hinterwaelder,-0.176603,HISTORIC,
276000802922607,female,,,1990,Hinterwaelder,0.896155,HISTORIC,
276000802922613,female,,,1992,Hinterwaelder,0.553637,HISTORIC,
276000802922627,female,,,1989,Hinterwaelder,-0.542252,HISTORIC,
276000802925028,female,276000802898570,276000802907887,1987,Hinterwaelder,-0.547321,HISTORIC,
276000802932409,male,276000802918978,276000802898750,1990,Hinterwaelder,-0.639238,HISTORIC,
276000802922637,male,276000802932409,276000802925028,1994,Hinterwaelder,-0.491226,HISTORIC,
276000802922675,female,276000802932409,276000802908651,1994,Hinterwaelder,-0.382737,HISTORIC,
276000802925904,female,276000802918500,276000802907821,1989,Hinterwaelder,-0.602953,HISTORIC,
276000802922717,male,276000802918443,276000802925904,1994,Hinterwaelder,-0.191702,HISTORIC,
276000802932758,female,276000802907855,276000802907977,1990,Hinterwaelder,-0.120634,HISTORIC,
276000802922720,male,276000802875301,276000802932758,1994,Hinterwaelder,-0.540465,HISTORIC,
276000802947142,female,,,1984,Hinterwaelder,-0.065602,HISTORIC,
276000802925687,male,276000802898570,276000802883756,1988,Hinterwaelder,-0.623636,HISTORIC,
276000802938201,male,276000802925687,276000802918653,1991,Hinterwaelder,-0.561083,HISTORIC,
276000802922814,female,276000802938201,276000802947142,1994,Hinterwaelder,0.677184,HISTORIC,
276000802932216,female,276000802908126,276000802918304,1989,Hinterwaelder,-0.109098,HISTORIC,
276000802922816,female,276000802918443,276000802932216,1994,Hinterwaelder,-0.173573,HISTORIC,
276000802922860,female,276000802938196,276000802918830,1994,Hinterwaelder,-0.247035,HISTORIC,
276000802938021,female,276000802918789,276000802918439,1991,Hinterwaelder,-0.737790,HISTORIC,
276000802924985,male,276000802898570,276000802884194,1991,Hinterwaelder,-0.341266,HISTORIC,
276000802922887,female,276000802924985,276000802938021,1994,Hinterwaelder,-0.665978,HISTORIC,
276000802925757,female,,,1986,Hinterwaelder,0.416770,HISTORIC,
276000802925018,male,276000802898570,276000802884582,1987,Hinterwaelder,-0.904579,HISTORIC,
276000802938332,male,276000802925018,276000802907925,1991,Hinterwaelder,-0.215809,HISTORIC,
276000802922912,female,276000802938332,276000802925757,1994,Hinterwaelder,-0.209812,HISTORIC,
276000802932018,female,276000802918910,276000802907927,1989,Hinterwaelder,-0.201740,HISTORIC,
276000802940581,male,276000802932409,276000802932018,1992,Hinterwaelder,-0.748290,HISTORIC,
276000802922957,male,276000802940581,276000802883914,1994,Hinterwaelder,0.175016,HISTORIC,
276000802925730,female,,,1986,Hinterwaelder,-0.270496,HISTORIC,
276000802940207,female,276000802925018,276000802925730,1992,Hinterwaelder,-0.147917,HISTORIC,
276000802940243,male,276000802918869,276000802865772,1992,Hinterwaelder,-0.482608,HISTORIC,
276000802922991,female,276000802940243,276000802940207,1994,Hinterwaelder,-0.154696,HISTORIC,
276000802924244,male,276000802907903,276000802907865,1988,Hinterwaelder,-0.685141,HISTORIC,
276000802924465,female,276000802883751,276000802918407,1989,Hinterwaelder,-0.674093,HISTORIC,
276000802925021,female,276000802908753,276000802898551,1987,Hinterwaelder,-1.095501,HISTORIC,
276000802925035,male,276000802908670,276000802898750,1987,Hinterwaelder,-0.753207,HISTORIC,
276000802925041,female,276000802907855,276000802875253,1987,Hinterwaelder,-0.461636,HISTORIC,
276000802925072,female,276000802908490,276000802898216,1987,Hinterwaelder,-0.338505,HISTORIC,
276000802925084,female,276000802908469,276000802898672,1987,Hinterwaelder,-0.233909,HISTORIC,
276000802925085,female,276000802908469,276000802898672,1987,Hinterwaelder,-0.772088,HISTORIC,
276000802925128,female,276000802908196,276000802908398,1988,Hinterwaelder,-0.362456,HISTORIC,
276000802925131,male,276000802908354,276000802884157,1988,Hinterwaelder,-0.478858,HISTORIC,
276000802925144,female,,276000802918515,1988,Hinterwaelder,0.750685,HISTORIC,
276000802925145,female,,276000802885257,1988,Hinterwaelder,0.247800,HISTORIC,
276000802925164,female,276000802908785,276000802688267,1988,Hinterwaelder,-0.478844,HISTORIC,
276000802925246,female,276000802908632,276000802907821,1988,Hinterwaelder,-0.062103,HISTORIC,
276000802925318,female,276000802918110,276000802898536,1988,Hinterwaelder,-0.081118,HISTORIC,
276000802925346,female,276000802908785,276000802898546,1988,Hinterwaelder,-0.557433,HISTORIC,
276000802925350,female,276000802908785,276000802898048,1988,Hinterwaelder,-0.429878,HISTORIC,
276000802925351,female,276000802908354,276000802898354,1988,Hinterwaelder,-1.110287,HISTORIC,
276000802925405,male,276000802918408,276000802908301,1988,Hinterwaelder,-0.495555,HISTORIC,
276000802925406,male,276000802918110,276000802883943,1988,Hinterwaelder,-0.651967,HISTORIC,
276000802925410,female,276000802898348,276000802898058,1988,Hinterwaelder,-0.429112,HISTORIC,
276000802925416,male,276000802908354,276000802884413,1988,Hinterwaelder,-0.769329,HISTORIC,
276000802925428,male,276000802908670,276000802898132,1988,Hinterwaelder,-0.514676,HISTORIC,
276000802925448,female,276000802908785,276000802898138,1988,Hinterwaelder,-0.810339,HISTORIC,
276000802925478,female,276000802918444,276000802898690,1988,Hinterwaelder,-0.464163,HISTORIC,
276000802925493,male,276000802918110,276000802907952,1988,Hinterwaelder,-0.383598,HISTORIC,
276000802925526,female,276000802918444,276000802875182,1988,Hinterwaelder,-0.924011,HISTORIC,
276000802925534,male,276000802918110,276000802884549,1988,Hinterwaelder,-0.348978,HISTORIC,
276000802925536,female,276000802898580,276000802884582,1988,Hinterwaelder,-0.670776,HISTORIC,
276000802925588,female,276000802898244,276000802918007,1988,Hinterwaelder,-0.836920,HISTORIC,
276000802925593,female,276000802898348,276000802908274,1988,Hinterwaelder,-0.611028,HISTORIC,
276000802925599,male,276000802908785,276000802907824,1988,Hinterwaelder,-1.210347,HISTORIC,
276000802925670,female,276000802918444,276000802884157,1988,Hinterwaelder,-0.204177,HISTORIC,
276000802925675,female,276000802918387,276000802908601,1989,Hinterwaelder,-0.138465,HISTORIC,
276000802925693,female,276000802908785,276000802908384,1988,Hinterwaelder,-0.592518,HISTORIC,
276000802925724,female,276000802908786,276000802918549,1989,Hinterwaelder,-0.187549,HISTORIC,
276000802925727,male,276000802918558,276000802898750,1988,Hinterwaelder,-0.600854,HISTORIC,
276000802925739,female,,,1980,Hinterwaelder,0.011634,HISTORIC,
276000802925746,female,,,1985,Hinterwaelder,0.435075,HISTORIC,
276000802925747,female,,,1985,Hinterwaelder,0.358659,HISTORIC,
276000802925748,female,276000802898596,,1985,Hinterwaelder,-0.605220,HISTORIC,
276000802925759,female,,,1987,Hinterwaelder,-0.101674,HISTORIC,
276000802925763,female,276000802918444,276000802925748,1988,Hinterwaelder,-0.195132,HISTORIC,
276000802925782,male,276000802918444,276000802908765,1989,Hinterwaelder,-0.365286,HISTORIC,
276000802925796,female,276000802918605,276000802884124,1989,Hinterwaelder,-0.698261,HISTORIC,
276000802925811,male,276000802918444,276000802908489,1989,Hinterwaelder,-0.428877,HISTORIC,
276000802925833,female,276000802918730,276000802875400,1989,Hinterwaelder,-0.862583,HISTORIC,
276000802925895,female,276000802918387,276000802898157,1989,Hinterwaelder,-0.107492,HISTORIC,
276000802925899,male,276000802918444,276000802883914,1989,Hinterwaelder,-0.669826,HISTORIC,
276000802925933,female,276000802908126,276000802898697,1989,Hinterwaelder,-0.660375,HISTORIC,
276000802930211,female,276000802925035,276000802925693,1991,Hinterwaelder,-0.214573,HISTORIC,
276000802932033,male,276000802918444,276000802884413,1989,Hinterwaelder,-0.628256,HISTORIC,
276000802932039,male,276000802918841,276000802907964,1989,Hinterwaelder,0.261501,HISTORIC,
276000802932045,female,276000802918605,276000802898603,1989,Hinterwaelder,-0.529887,HISTORIC,
276000802932070,female,276000802918444,276000802918591,1989,Hinterwaelder,-0.342068,HISTORIC,
276000802932121,female,276000802918730,276000802907937,1989,Hinterwaelder,-1.365698,HISTORIC,
276000802932138,female,276000802918444,276000802884411,1989,Hinterwaelder,-1.094770,HISTORIC,
276000802932139,male,276000802918444,276000802875182,1989,Hinterwaelder,-0.662712,HISTORIC,
276000802932174,male,276000802918110,276000802918835,1989,Hinterwaelder,-0.064667,HISTORIC,
276000802932202,female,276000802918500,276000802907833,1989,Hinterwaelder,-0.514911,HISTORIC,
276000802932205,female,276000802918444,276000802884204,1989,Hinterwaelder,-0.269642,HISTORIC,
276000802932206,female,276000802918444,276000802908352,1989,Hinterwaelder,-1.207606,HISTORIC,
276000802932210,female,276000802918500,276000802907862,1989,Hinterwaelder,-0.419787,HISTORIC,
276000802932234,female,276000802918481,276000802908517,1989,Hinterwaelder,-0.049005,HISTORIC,
276000802932244,female,276000802907966,276000802908217,1989,Hinterwaelder,-0.669102,HISTORIC,
276000802932359,female,276000802918444,276000802908285,1989,Hinterwaelder,-0.733658,HISTORIC,
276000802932369,female,276000802918627,276000802918549,1990,Hinterwaelder,-0.254528,HISTORIC,
276000802932389,female,276000802918656,276000802908398,1990,Hinterwaelder,-0.512284,HISTORIC,
276000802932425,female,276000802918500,276000802907838,1990,Hinterwaelder,-0.490613,HISTORIC,
276000802932435,male,276000802925018,276000802918276,1990,Hinterwaelder,-0.307921,HISTORIC,
276000802932436,female,276000802925018,276000802908758,1990,Hinterwaelder,-0.737250,HISTORIC,
276000802932485,female,276000802918978,276000802908645,1990,Hinterwaelder,-0.300651,HISTORIC,
276000802932512,female,276000802918444,276000802925759,1990,Hinterwaelder,-0.411452,HISTORIC,
276000802932551,female,276000802918444,276000802875349,1990,Hinterwaelder,-0.756079,HISTORIC,
276000802932609,male,276000802918841,276000802918653,1990,Hinterwaelder,-0.534085,HISTORIC,
276000802932618,male,276000802918730,276000802918247,1990,Hinterwaelder,-0.533595,HISTORIC,
276000802932636,female,276000802918105,276000802907844,1990,Hinterwaelder,-0.257438,HISTORIC,
276000802932682,female,276000802925018,276000802883943,1990,Hinterwaelder,-0.659689,HISTORIC,
276000802932711,female,276000802925223,276000802925739,1990,Hinterwaelder,-0.031629,HISTORIC,
276000802932721,female,276000802918105,276000802918394,1990,Hinterwaelder,-0.057976,HISTORIC,
276000802932727,female,276000802925416,276000802925145,1990,Hinterwaelder,0.359928,HISTORIC,
276000802932759,female,276000802925405,276000802925041,1990,Hinterwaelder,-0.428239,HISTORIC,
276000802932768,female,276000802925018,276000802908567,1990,Hinterwaelder,-0.410293,HISTORIC,
276000802932778,female,276000802918837,276000802918007,1990,Hinterwaelder,-0.949384,HISTORIC,
276000802932785,male,276000802925018,276000802925318,1990,Hinterwaelder,-0.030110,HISTORIC,
276000802932812,female,276000802925223,276000802918457,1990,Hinterwaelder,-0.608541,HISTORIC,
276000802932828,female,276000802925534,276000802898049,1990,Hinterwaelder,0.003774,HISTORIC,
276000802932837,male,276000802925406,276000802918523,1990,Hinterwaelder,0.048010,HISTORIC,
276000802932848,male,276000802925493,276000802898529,1990,Hinterwaelder,-0.567887,HISTORIC,
276000802932849,female,276000802925493,276000802925072,1990,Hinterwaelder,-0.736061,HISTORIC,
276000802932904,male,276000802918656,276000802918450,1990,Hinterwaelder,-0.590985,HISTORIC,
276000802932958,male,276000802925223,276000802925478,1991,Hinterwaelder,-0.615237,HISTORIC,
276000802932959,male,276000802925223,276000802908765,1991,Hinterwaelder,-0.808336,HISTORIC,
276000802938011,male,276000802918837,276000802918360,1991,Hinterwaelder,-0.254617,HISTORIC,
276000802938016,female,276000802932039,276000802925350,1991,Hinterwaelder,-0.192632,HISTORIC,
276000802938024,male,276000802925018,276000802908651,1991,Hinterwaelder,-0.429894,HISTORIC,
276000802938083,female,,,1979,Hinterwaelder,-0.285001,HISTORIC,
276000802938092,female,,,1989,Hinterwaelder,0.408601,HISTORIC,
276000802938097,female,276000802925428,276000802938083,1991,Hinterwaelder,-0.025319,HISTORIC,
276000802938098,female,,,1990,Hinterwaelder,0.679711,HISTORIC,
276000802938117,female,276000802925223,276000802925746,1991,Hinterwaelder,0.035996,HISTORIC,
276000802938135,male,276000802925687,276000802918944,1991,Hinterwaelder,-0.691567,HISTORIC,
276000802938157,female,276000802925811,276000802918549,1991,Hinterwaelder,-0.396003,HISTORIC,
276000802938193,male,276000802924244,276000802918012,1991,Hinterwaelder,0.069290,HISTORIC,
276000802938199,female,276000802925687,276000802908664,1991,Hinterwaelder,-0.439497,HISTORIC,
276000802938200,male,276000802925687,276000802918090,1991,Hinterwaelder,-0.100172,HISTORIC,
276000802938219,female,276000802925687,276000802908645,1991,Hinterwaelder,-0.464644,HISTORIC,
276000802938228,male,276000802925018,276000802918956,1991,Hinterwaelder,-0.411314,HISTORIC,
276000802938230,male,276000802925018,276000802908301,1991,Hinterwaelder,0.047924,HISTORIC,
276000802938234,female,276000802925727,276000802884203,1991,Hinterwaelder,-0.445567,HISTORIC,
276000802938264,female,276000802925782,276000802908595,1991,Hinterwaelder,0.186845,HISTORIC,
276000802938292,female,276000802918730,276000802918247,1991,Hinterwaelder,-0.439546,HISTORIC,
276000802938306,male,276000802925811,276000802925724,1991,Hinterwaelder,-0.407663,HISTORIC,
276000802938370,male,276000802925727,276000802907851,1991,Hinterwaelder,0.009591,HISTORIC,
276000802938371,male,276000802925899,276000802908040,1991,Hinterwaelder,-0.716086,HISTORIC,
276000802938396,male,276000802918869,276000802925588,1991,Hinterwaelder,-0.429140,HISTORIC,
276000802938422,female,276000802918415,276000802884582,1991,Hinterwaelder,-0.628806,HISTORIC,
276000802938428,female,276000802918415,276000802898810,1991,Hinterwaelder,-0.566646,HISTORIC,
276000802938438,female,276000802918869,276000802908590,1991,Hinterwaelder,-0.255381,HISTORIC,
276000802938475,female,276000802925018,276000802925318,1991,Hinterwaelder,-0.372263,HISTORIC,
276000802938531,female,276000802925405,276000802918674,1991,Hinterwaelder,-0.305219,HISTORIC,
276000802938532,female,276000802925405,276000802925796,1991,Hinterwaelder,-0.207182,HISTORIC,
276000802938574,male,276000802925575,276000802908581,1991,Hinterwaelder,-0.922737,HISTORIC,
276000802940205,female,276000802925018,276000802918957,1992,Hinterwaelder,-0.412705,HISTORIC,
276000802940211,male,276000802925018,276000802898815,1992,Hinterwaelder,-0.311383,HISTORIC,
276000802940295,female,276000802932139,276000802925351,1992,Hinterwaelder,-0.141379,HISTORIC,
276000802940342,female,276000802925131,276000802918873,1992,Hinterwaelder,-0.434862,HISTORIC,
276000802940388,male,276000802932174,276000802925021,1992,Hinterwaelder,-0.325451,HISTORIC,
276000802940396,male,276000802875301,276000802898750,1992,Hinterwaelder,-0.887019,HISTORIC,
276000802940436,female,276000802932435,276000802938092,1992,Hinterwaelder,-0.043318,HISTORIC,
276000802940449,female,276000802932039,276000802688571,1992,Hinterwaelder,0.005940,HISTORIC,
276000802940454,female,,,1987,Hinterwaelder,0.121147,HISTORIC,
276000802940457,female,276000802925599,,1991,Hinterwaelder,0.171290,HISTORIC,
276000802940472,female,276000802925899,276000802925084,1992,Hinterwaelder,-0.413436,HISTORIC,
276000802940483,female,276000802918869,276000802925478,1992,Hinterwaelder,-0.201530,HISTORIC,
276000802940516,female,276000802925575,276000802918061,1992,Hinterwaelder,0.023945,HISTORIC,
276000802940568,female,276000802875301,276000802907982,1992,Hinterwaelder,-0.342098,HISTORIC,
276000802940609,female,276000802932837,276000802925144,1992,Hinterwaelder,0.091893,HISTORIC,
276000802940621,male,276000802932609,276000802925588,1992,Hinterwaelder,-0.322640,HISTORIC,
276000802940631,female,276000802918415,276000802918304,1992,Hinterwaelder,-0.359606,HISTORIC,
276000802940634,male,276000802925727,276000802925128,1992,Hinterwaelder,-0.119244,HISTORIC,
276000802940708,female,276000802932409,276000802908567,1992,Hinterwaelder,-0.702718,HISTORIC,
276000802940710,female,,,1992,Hinterwaelder,0.491404,HISTORIC,
276000802940718,male,276000802932409,276000802908758,1992,Hinterwaelder,-0.358635,HISTORIC,
276000802940725,female,276000802932609,276000802918454,1992,Hinterwaelder,-0.301704,HISTORIC,
276000802940768,male,276000802924244,276000802908698,1992,Hinterwaelder,-0.508256,HISTORIC,
276000802946024,male,276000802875301,276000802907865,1994,Hinterwaelder,-0.604647,HISTORIC,
276000802947020,male,276000802932618,276000802918674,1992,Hinterwaelder,-0.058004,HISTORIC,
276000802947043,female,276000802932959,276000802932551,1993,Hinterwaelder,-0.959534,HISTORIC,
276000802947050,male,276000802932785,276000802925410,1992,Hinterwaelder,0.172280,HISTORIC,
276000802947051,female,276000802932785,276000802925895,1992,Hinterwaelder,-0.128970,HISTORIC,
276000802947055,male,276000802932409,276000802908651,1992,Hinterwaelder,-0.515350,HISTORIC,
276000802947076,female,276000802938011,276000802925448,1993,Hinterwaelder,-0.656462,HISTORIC,
276000802947111,female,276000802932785,276000802925675,1993,Hinterwaelder,0.195127,HISTORIC,
276000802947162,male,276000802932618,276000802925796,1993,Hinterwaelder,-0.710838,HISTORIC,
276000802947164,female,276000802938024,276000802932045,1993,Hinterwaelder,-0.183307,HISTORIC,
276000802947178,male,276000802932409,276000802918956,1993,Hinterwaelder,0.285838,HISTORIC,
276000802947207,female,276000802932609,276000802932070,1993,Hinterwaelder,-0.443702,HISTORIC,
276000802947212,male,276000802932959,276000802918653,1993,Hinterwaelder,-0.349067,HISTORIC,
276000802947256,female,,,1991,Hinterwaelder,0.413671,HISTORIC,
276000802947257,female,,,1991,Hinterwaelder,0.442095,HISTORIC,
276000802947279,female,276000802908282,276000802932758,1993,Hinterwaelder,-0.434686,HISTORIC,
276000802947297,female,276000802925782,276000802932721,1993,Hinterwaelder,-0.121099,HISTORIC,
276000802947311,male,276000802932033,276000802875400,1993,Hinterwaelder,0.427126,HISTORIC,
276000802947334,female,276000802938201,276000802925346,1993,Hinterwaelder,-0.770534,HISTORIC,
276000802947374,female,276000802938200,276000802947257,1993,Hinterwaelder,-0.142801,HISTORIC,
276000802947397,female,276000802925782,276000802918395,1993,Hinterwaelder,-0.103005,HISTORIC,
276000802947401,female,276000802932904,276000802925085,1993,Hinterwaelder,-0.134653,HISTORIC,
276000802947421,female,276000802932959,276000802898750,1993,Hinterwaelder,-0.295479,HISTORIC,
276000802947481,female,276000802932959,276000802908664,1993,Hinterwaelder,0.025307,HISTORIC,
276000802947493,male,276000802938230,276000802932018,1993,Hinterwaelder,-0.656836,HISTORIC,
276000802947500,female,276000802938011,276000802918082,1993,Hinterwaelder,-0.195855,HISTORIC,
276000802947566,male,276000802938011,276000802932234,1993,Hinterwaelder,-0.040031,HISTORIC,
276000802947595,male,276000802938201,276000802925164,1993,Hinterwaelder,-0.263144,HISTORIC,
276000802947617,male,276000802938396,276000802932359,1993,Hinterwaelder,-0.716846,HISTORIC,
276000802947619,female,276000802932609,276000802932205,1993,Hinterwaelder,-0.205906,HISTORIC,
276000802947638,female,276000802938371,276000802938199,1993,Hinterwaelder,-0.112510,HISTORIC,
276000802947640,female,276000802918415,276000802938219,1993,Hinterwaelder,-0.303450,HISTORIC,
276000802947682,male,276000802932785,276000802932828,1993,Hinterwaelder,-0.403446,HISTORIC,
276000802947689,female,276000802938228,276000802918191,1993,Hinterwaelder,-0.833924,HISTORIC,
276000802947720,female,276000802932959,276000802932485,1993,Hinterwaelder,-0.690081,HISTORIC,
276000802947721,female,276000802938306,276000802938097,1993,Hinterwaelder,0.008002,HISTORIC,
276000802947744,female,276000802932785,276000802925410,1993,Hinterwaelder,-0.147585,HISTORIC,
276000802947764,female,276000802932609,276000802925526,1993,Hinterwaelder,-0.288413,HISTORIC,
276000802947769,female,276000802938332,276000802932711,1993,Hinterwaelder,-0.227608,HISTORIC,
276000802947791,male,276000802918443,276000802908758,1993,Hinterwaelder,-0.447361,HISTORIC,
276000802947801,male,276000802938011,276000802908698,1993,Hinterwaelder,-0.151675,HISTORIC,
276000802947810,female,276000802938024,276000802925933,1993,Hinterwaelder,-0.068615,HISTORIC,
276000802947821,female,276000802938201,276000802898752,1993,Hinterwaelder,0.374933,HISTORIC,
276000802947824,female,276000802938135,276000802918402,1993,Hinterwaelder,-0.186080,HISTORIC,
276000802947924,female,276000802938024,276000802932045,1994,Hinterwaelder,-0.250623,HISTORIC,
276000802947932,male,276000802940388,276000802932244,1994,Hinterwaelder,-0.181265,HISTORIC,
276000802947937,female,276000802940396,276000802907838,1994,Hinterwaelder,-0.008158,LIVING,FRB
276000802947951,female,276000802938024,276000802932759,1994,Hinterwaelder,0.159576,HISTORIC,
276000808336829,male,276000802925405,276000802925536,1994,Hinterwaelder,-0.680047,HISTORIC,
276000808336834,male,276000802940581,276000802908590,1994,Hinterwaelder,-0.082409,HISTORIC,
276000808336863,female,276000802932848,276000802938157,1994,Hinterwaelder,0.378914,HISTORIC,
276000808336949,male,276000802940581,276000802940295,1994,Hinterwaelder,0.088543,HISTORIC,
276000808337000,female,276000802940581,276000802940483,1994,Hinterwaelder,-0.200845,HISTORIC,
276000808337092,female,276000802940243,276000802932682,1994,Hinterwaelder,-0.445071,HISTORIC,
276000808337139,female,276000802918443,276000802925588,1994,Hinterwaelder,-0.410976,HISTORIC,
276000808337143,male,276000802884185,276000802932244,1995,Hinterwaelder,-0.868111,HISTORIC,
276000808337214,female,,,1989,Hinterwaelder,0.514126,HISTORIC,
276000808337232,female,276000802940396,276000802932210,1995,Hinterwaelder,0.154175,HISTORIC,
276000808337241,female,276000802938332,276000802925748,1995,Hinterwaelder,0.779281,HISTORIC,
276000808337253,male,276000802940211,276000802940342,1995,Hinterwaelder,0.662573,HISTORIC,
276000808337281,female,276000802947050,276000802940457,1995,Hinterwaelder,-0.225080,HISTORIC,
276000808403140,female,,,1994,Hinterwaelder,0.201110,HISTORIC,
276000808403624,female,,,1992,Hinterwaelder,0.447440,HISTORIC,
276000808406469,female,276000802940396,276000802907838,1995,Hinterwaelder,0.362721,HISTORIC,
276000808406481,female,276000802940243,276000802918276,1995,Hinterwaelder,-0.517896,HISTORIC,
276000808406508,female,276000802947311,276000802908396,1995,Hinterwaelder,0.102554,HISTORIC,
276000808406528,female,276000802938228,276000802908704,1995,Hinterwaelder,-0.139796,HISTORIC,
276000808406529,female,276000802938574,276000802932121,1995,Hinterwaelder,-0.077322,HISTORIC,
276000808406549,female,276000802947020,276000802938098,1995,Hinterwaelder,-0.070483,HISTORIC,
276000808406564,female,276000802947212,276000802918458,1995,Hinterwaelder,-0.489669,HISTORIC,
276000808406606,male,276000802940243,276000802932758,1995,Hinterwaelder,0.411440,HISTORIC,
276000808406625,female,,,1989,Hinterwaelder,0.384942,HISTORIC,
276000808406628,female,,,1991,Hinterwaelder,0.429887,HISTORIC,
276000808406689,male,276000802947178,276000802938264,1995,Hinterwaelder,-0.313784,HISTORIC,
276000808406738,male,276000802947617,276000802908765,1995,Hinterwaelder,-0.096538,HISTORIC,
276000808510155,female,276000802898580,,1995,Hinterwaelder,-0.433687,HISTORIC,
276000808519286,male,276000802925405,276000802925246,1995,Hinterwaelder,0.443026,HISTORIC,
276000808519398,male,276000802938228,276000802925128,1995,Hinterwaelder,-0.358656,HISTORIC,
276000808519435,female,276000802947493,276000802932812,1995,Hinterwaelder,-0.277240,HISTORIC,
276000808519443,female,276000802938574,276000802898683,1995,Hinterwaelder,-0.211241,HISTORIC,
276000808521961,male,276000802947162,276000802947256,1995,Hinterwaelder,0.044901,HISTORIC,
276000808566745,female,,,1987,Hinterwaelder,0.388006,HISTORIC,
276000808566788,female,,,1995,Hinterwaelder,0.733579,HISTORIC,
276000808591064,female,276000802940243,276000802938422,1995,Hinterwaelder,0.202431,HISTORIC,
276000808591083,female,276000802947595,276000802940205,1995,Hinterwaelder,0.132654,HISTORIC,
276000808591102,female,276000802938228,276000802938234,1995,Hinterwaelder,-0.157868,HISTORIC,
276000808591172,male,276000802940243,276000802938016,1995,Hinterwaelder,0.030393,HISTORIC,
276000808591205,female,276000802947493,276000802932206,1995,Hinterwaelder,0.115516,HISTORIC,
276000808591207,female,276000802947493,276000802925670,1995,Hinterwaelder,0.169263,HISTORIC,
276000808591244,female,,,1988,Hinterwaelder,0.635340,HISTORIC,
276000808591252,female,,,1990,Hinterwaelder,0.140586,HISTORIC,
276000808591255,female,,,1990,Hinterwaelder,0.614697,HISTORIC,
276000808591260,female,,,1992,Hinterwaelder,0.379073,HISTORIC,
276000808591262,female,,,1990,Hinterwaelder,0.177029,HISTORIC,
276000808591269,female,,,1995,Hinterwaelder,0.921344,HISTORIC,
276000808591327,female,276000802947020,276000802940436,1995,Hinterwaelder,-0.181376,HISTORIC,
276000808591339,male,276000802947055,276000802940710,1995,Hinterwaelder,0.391884,HISTORIC,
276000808591348,female,276000802940243,276000802922607,1995,Hinterwaelder,0.151364,HISTORIC,
276000808855096,female,,,1990,Hinterwaelder,0.642596,HISTORIC,
276000810037965,female,276000802922473,276000808855096,1996,Hinterwaelder,0.256931,HISTORIC,
276000810063778,female,276000802883751,276000802232437,1997,Hinterwaelder,-0.028840,LIVING,LNZ
276000810068965,male,276000802947566,276000808337214,1996,Hinterwaelder,0.283906,HISTORIC,
276000810068985,female,,,1990,Hinterwaelder,0.566437,HISTORIC,
276000810068983,female,276000802947801,276000810068985,1996,Hinterwaelder,0.381162,HISTORIC,
276000810085235,female,276000802946024,276000802932727,1995,Hinterwaelder,-0.056394,HISTORIC,
276000810087005,female,276000802940768,276000802947076,1995,Hinterwaelder,0.162715,HISTORIC,
276000810087058,female,276000802947682,276000802947481,1995,Hinterwaelder,-0.037187,HISTORIC,
276000810087157,male,276000802947791,276000802938475,1995,Hinterwaelder,0.251376,HISTORIC,
276000810087235,female,276000802940768,276000802947334,1995,Hinterwaelder,-0.206584,HISTORIC,
276000810087267,male,276000802940243,276000802925536,1996,Hinterwaelder,0.231353,HISTORIC,
276000810087287,female,276000802940621,276000802947164,1996,Hinterwaelder,-0.112802,HISTORIC,
276000810087292,male,276000802940243,276000802940708,1996,Hinterwaelder,-1.005888,HISTORIC,
276000810087376,female,276000802922717,276000802918857,1996,Hinterwaelder,0.214728,HISTORIC,
276000810087404,male,276000802922720,276000802938264,1996,Hinterwaelder,0.077001,HISTORIC,
276000810087428,female,276000802922637,276000802908398,1996,Hinterwaelder,-0.187445,HISTORIC,
276000810087433,female,276000802922637,276000802925128,1996,Hinterwaelder,-0.640991,HISTORIC,
276000810087540,male,276000802940243,276000802932436,1996,Hinterwaelder,0.044581,HISTORIC,
276000810087663,female,276000802940621,276000802925028,1996,Hinterwaelder,0.417772,HISTORIC,
276000810087665,male,276000802940621,276000802932759,1996,Hinterwaelder,0.156883,HISTORIC,
276000810087794,male,276000802938193,276000802932758,1996,Hinterwaelder,0.167083,HISTORIC,
276000810087945,female,276000802922637,276000808406625,1996,Hinterwaelder,0.707491,HISTORIC,
276000810087974,female,,,1994,Hinterwaelder,0.319269,HISTORIC,
276000810087982,female,276000802940718,276000808591255,1996,Hinterwaelder,-0.113192,HISTORIC,
276000811157811,female,276000802922717,276000802938292,1998,Hinterwaelder,-0.264455,HISTORIC,
276000810327378,male,276000802938193,276000811157811,2001,Hinterwaelder,0.030585,HISTORIC,
276000810329472,female,276000802932958,276000808403624,1996,Hinterwaelder,-0.226087,HISTORIC,
276000810331020,male,276000808406738,276000802938117,1999,Hinterwaelder,0.355468,HISTORIC,
276000810331133,female,276000802947493,276000802925588,1996,Hinterwaelder,-0.343860,HISTORIC,
276000810331145,male,276000808336834,276000802940483,1997,Hinterwaelder,0.222070,HISTORIC,
276000810331295,female,276000802922720,276000802947297,1997,Hinterwaelder,-0.087339,HISTORIC,
276000810331368,male,276000802932958,276000802908398,1997,Hinterwaelder,-0.378202,HISTORIC,
276000810331377,male,276000802922637,276000802925128,1997,Hinterwaelder,0.035006,HISTORIC,
276000810331458,female,276000802918443,276000802925763,1996,Hinterwaelder,-0.247793,HISTORIC,
276000810331481,male,276000802940718,276000808591252,1996,Hinterwaelder,-0.066156,HISTORIC,
276000810331491,female,276000802940718,276000808591260,1997,Hinterwaelder,0.168735,HISTORIC,
276000810331572,female,276000802940634,276000802932828,1996,Hinterwaelder,-0.042737,HISTORIC,
276000810331585,female,276000808336829,276000802925410,1997,Hinterwaelder,0.202448,HISTORIC,
276000810331589,male,276000808336829,276000802947744,1997,Hinterwaelder,-0.042615,HISTORIC,
276000810331611,male,276000802940768,276000802947076,1996,Hinterwaelder,0.379137,HISTORIC,
276000810331634,female,276000808337143,276000802947076,1997,Hinterwaelder,0.125646,HISTORIC,
276000810331651,male,276000802940243,276000802907916,1996,Hinterwaelder,0.322909,HISTORIC,
276000810331698,male,276000802938370,276000802918830,1997,Hinterwaelder,0.179960,LIVING,PRG
276000810331783,female,276000802947932,276000802932849,1996,Hinterwaelder,0.027897,HISTORIC,
276000810331793,female,276000802938370,276000802918012,1997,Hinterwaelder,0.269131,HISTORIC,
276000810331818,male,276000802947791,276000802947207,1997,Hinterwaelder,-0.269488,HISTORIC,
276000810332257,female,276000802922957,276000802938532,1997,Hinterwaelder,0.184744,HISTORIC,
276000810332263,female,276000802922957,276000802947951,1997,Hinterwaelder,-0.098940,HISTORIC,
276000810332265,female,276000802922957,276000802932759,1997,Hinterwaelder,0.447409,LIVING,FRB
276000810332266,male,276000802922957,276000802947924,1997,Hinterwaelder,-0.120168,LIVING,WLD
276000810332268,female,276000802922957,276000802938531,1997,Hinterwaelder,-0.043862,HISTORIC,
276000810332399,female,276000808336949,276000802938021,1997,Hinterwaelder,-0.292642,HISTORIC,
276000810332421,female,276000802938193,276000802925246,1996,Hinterwaelder,0.152481,HISTORIC,
276000810332658,male,276000802938193,276000802925593,1997,Hinterwaelder,0.029602,HISTORIC,
276000810332959,female,276000808337253,276000802947721,1997,Hinterwaelder,-0.114132,HISTORIC,
276000810332986,female,276000802947682,276000802922627,1997,Hinterwaelder,0.621466,HISTORIC,
276000810436550,female,,,1996,Fleckvieh,1.038761,HISTORIC,
276000810537893,female,,276000808403140,1997,Hinterwaelder,1.179061,HISTORIC,
276000810713973,female,276000802938193,276000802940516,1997,Hinterwaelder,-0.059325,LIVING,LNZ
276000810748278,female,276000802940718,276000808591262,1997,Hinterwaelder,-0.149806,LIVING,TDN
276000810748311,female,276000808336829,276000802932512,1997,Hinterwaelder,0.205744,HISTORIC,
276000810748312,female,276000808336829,276000802947111,1997,Hinterwaelder,0.191195,HISTORIC,
276000810748313,female,276000808336829,276000802932828,1997,Hinterwaelder,0.354479,HISTORIC,
276000810748365,female,276000802947932,276000802947500,1997,Hinterwaelder,-0.075308,HISTORIC,
276000810748371,female,276000802947791,276000802908651,1997,Hinterwaelder,0.019338,HISTORIC,
276000810748375,male,276000802947791,276000802922675,1997,Hinterwaelder,-0.529966,HISTORIC,
276000810748492,female,276000808336949,276000802922887,1997,Hinterwaelder,-0.275575,HISTORIC,
276000810748497,female,276000810332658,276000802938021,1999,Hinterwaelder,-0.016982,HISTORIC,
276000810748708,female,276000802938228,,1995,Hinterwaelder,0.503883,HISTORIC,
276000810748709,female,276000810087267,276000808406549,1998,Hinterwaelder,-0.130436,HISTORIC,
276000810757652,male,276000808406606,276000802938428,1997,Hinterwaelder,0.048769,HISTORIC,
276000810816182,female,276000808591339,276000810068983,1997,Hinterwaelder,0.236608,LIVING,HRB
276000810897367,female,276000802938193,276000802932425,1998,Hinterwaelder,0.974084,HISTORIC,
276000810940695,female,276000802938193,276000802908726,2000,Hinterwaelder,0.492391,HISTORIC,
276000810940698,female,276000802938370,276000810940695,2002,Hinterwaelder,0.418166,HISTORIC,
276000810950306,female,,276000808566788,1998,Hinterwaelder,0.831436,HISTORIC,
276000810950532,female,,276000802947051,1998,Hinterwaelder,0.183369,HISTORIC,
276000810957841,male,276000808519398,276000802938438,1998,Hinterwaelder,-0.339604,HISTORIC,
276000810957844,male,276000808519398,276000802947764,1998,Hinterwaelder,-0.149277,HISTORIC,
276000810957848,female,276000808519398,276000802925588,1998,Hinterwaelder,-0.020904,HISTORIC,
276000810957849,female,276000808519398,276000802940725,1998,Hinterwaelder,0.448108,HISTORIC,
276000810957873,female,276000810331651,276000808406529,1998,Hinterwaelder,-0.272541,HISTORIC,
276000810957933,male,276000808406738,276000802938117,1998,Hinterwaelder,0.061444,HISTORIC,
276000810957978,female,276000810331481,276000802940710,1999,Hinterwaelder,0.080529,HISTORIC,
276000810957984,female,276000810087794,276000802947924,1998,Hinterwaelder,0.088017,HISTORIC,
276000810958038,male,276000810087665,276000810331572,1998,Hinterwaelder,-0.193452,HISTORIC,
276000810958129,female,276000808336949,276000802922860,1999,Hinterwaelder,-0.046157,HISTORIC,
276000810958130,male,276000808336949,276000802918830,1999,Hinterwaelder,0.369269,HISTORIC,
276000810958201,male,276000810087157,276000808406481,1998,Hinterwaelder,-0.276695,HISTORIC,
276000810958214,male,276000810087663,276000802932768,1998,Hinterwaelder,-0.133508,HISTORIC,
276000810958425,female,276000810087794,276000802947810,1999,Hinterwaelder,0.119521,HISTORIC,
276000810958459,female,276000810087404,276000802947401,1998,Hinterwaelder,0.465498,HISTORIC,
276000810958461,male,276000808591172,276000802924465,1998,Hinterwaelder,0.356241,HISTORIC,
276000810958497,female,276000810332658,276000810332399,1999,Hinterwaelder,0.127488,HISTORIC,
276000810958550,female,276000810087540,276000802932202,1998,Hinterwaelder,0.215239,HISTORIC,
276000810958681,female,276000802938370,276000808591064,1998,Hinterwaelder,-0.159690,HISTORIC,
276000810958699,female,276000810332658,276000802947279,1998,Hinterwaelder,-0.173307,HISTORIC,
276000810958908,female,276000810331377,276000802940568,2000,Hinterwaelder,0.028493,HISTORIC,
276000810958948,male,276000808519286,276000810087058,1998,Hinterwaelder,-0.091574,HISTORIC,
276000810958949,female,276000808519286,276000802947638,1998,Hinterwaelder,0.346207,HISTORIC,
276000811043854,male,276000808519398,276000802947043,1998,Hinterwaelder,-0.090453,HISTORIC,
276000811043894,male,276000802922720,276000802938264,1998,Hinterwaelder,0.339996,HISTORIC,
276000811043900,female,276000810087292,276000802918096,1998,Hinterwaelder,0.040556,HISTORIC,
276000811044079,female,276000810331377,276000810332986,1999,Hinterwaelder,0.112757,HISTORIC,
276000811044154,male,276000808406689,276000802918759,1998,Hinterwaelder,-0.092984,HISTORIC,
276000811052979,female,276000810068965,276000810087974,1998,Hinterwaelder,0.314931,HISTORIC,
276000890264901,female,,,1995,Hinterwaelder,0.598834,HISTORIC,
276000811074493,female,276000802940243,276000890264901,1998,Hinterwaelder,0.475792,HISTORIC,
276000811081485,female,276000802898580,276000810436550,1999,Hinterwaelder,0.401046,HISTORIC,
276000811081807,female,276000802938370,276000811081485,2001,Hinterwaelder,-0.311186,HISTORIC,
276000811596311,female,276000810331589,276000802918183,2000,Hinterwaelder,0.468297,HISTORIC,
276000811082009,female,276000802938193,276000811596311,2002,Hinterwaelder,0.751155,LIVING,HRB
276000811082118,male,276000802938193,276000811081807,2003,Hinterwaelder,0.416751,HISTORIC,
276000811157781,male,276000808519398,276000808337139,1998,Hinterwaelder,0.284654,HISTORIC,
276000811157876,female,276000808406738,276000802925747,1998,Hinterwaelder,0.355300,HISTORIC,
276000811157917,female,276000810958130,276000810332959,2000,Hinterwaelder,0.000054,HISTORIC,
276000811157952,female,276000810087663,276000802922991,1998,Hinterwaelder,0.054681,HISTORIC,
276000811157959,male,276000810087663,276000802932768,1999,Hinterwaelder,0.124217,HISTORIC,
276000811158161,female,276000810087540,276000808406469,1999,Hinterwaelder,0.028725,HISTORIC,
276000811267603,male,276000802938370,276000808510155,1999,Hinterwaelder,0.137902,HISTORIC,
276000811286958,male,276000808519398,276000808337139,1999,Hinterwaelder,0.154393,HISTORIC,
276000811286961,female,276000810957841,276000808337000,1999,Hinterwaelder,-0.343763,HISTORIC,
276000811286973,male,276000810957841,276000802925588,2000,Hinterwaelder,0.384587,HISTORIC,
276000811286979,male,276000810958214,276000802932138,2000,Hinterwaelder,-0.136222,HISTORIC,
276000811287090,female,276000810331611,276000808591102,1999,Hinterwaelder,-0.448562,HISTORIC,
276000811287100,female,276000810331611,276000802908545,1999,Hinterwaelder,-0.581854,HISTORIC,
276000811287151,female,276000808406738,276000802947769,1999,Hinterwaelder,0.355686,HISTORIC,
276000811287160,female,276000808406738,276000808337241,1999,Hinterwaelder,0.062562,HISTORIC,
276000811287164,female,276000808406738,276000810331458,1999,Hinterwaelder,-0.186871,HISTORIC,
276000811287166,female,276000808406738,276000802925763,1999,Hinterwaelder,-0.073649,HISTORIC,
276000811287205,female,276000810748375,276000810087982,2000,Hinterwaelder,-0.252299,HISTORIC,
276000811287260,female,276000810331589,276000802947821,1999,Hinterwaelder,0.281406,HISTORIC,
276000811287380,male,276000810331368,276000808337232,1999,Hinterwaelder,-0.609946,HISTORIC,
276000811287400,male,276000810331368,276000808591083,1999,Hinterwaelder,-0.390249,HISTORIC,
276000811287619,female,276000810087794,276000802932759,1999,Hinterwaelder,-0.164464,HISTORIC,
276000811287626,male,276000810087794,276000810087287,1999,Hinterwaelder,0.060454,HISTORIC,
276000811287630,male,276000810087794,276000802938531,1999,Hinterwaelder,-0.122847,HISTORIC,
276000811287711,female,276000802938228,276000802922613,1999,Hinterwaelder,0.872880,HISTORIC,
276000811287728,female,,,1999,Holstein_Rbt,0.851911,HISTORIC,
276000811287745,female,276000810332658,276000810748492,2001,Hinterwaelder,0.447974,HISTORIC,
276000811288143,female,276000810087267,276000808406549,1999,Hinterwaelder,0.022647,HISTORIC,
276000811288179,female,276000810331377,276000810332986,2000,Hinterwaelder,0.328279,HISTORIC,
276000811288187,male,276000808336829,276000802947720,2000,Hinterwaelder,-0.001060,HISTORIC,
276000890866134,female,,,1994,Galloway,0.558329,HISTORIC,
276000811429970,female,276000808521961,276000890866134,2000,Hinterwaelder,0.632417,HISTORIC,
276000811461607,male,276000810748375,276000810087945,2000,Hinterwaelder,0.326329,HISTORIC,
276000811476505,male,276000810087663,276000802940708,1999,Hinterwaelder,0.224361,HISTORIC,
276000811595843,male,276000810958214,276000802938438,2000,Hinterwaelder,-0.168575,HISTORIC,
276000811595860,male,276000810331145,276000810957849,2000,Hinterwaelder,0.102986,HISTORIC,
276000811595933,female,276000810958201,276000802947397,2000,Hinterwaelder,0.363476,HISTORIC,
276000811595947,male,276000810958201,276000810331295,2000,Hinterwaelder,0.682508,HISTORIC,
276000811595949,female,276000810958201,276000802932636,2000,Hinterwaelder,0.031007,HISTORIC,
276000811595961,female,276000810331611,276000802932389,2000,Hinterwaelder,-0.304848,HISTORIC,
276000811595967,male,276000810331611,276000810087433,2000,Hinterwaelder,-0.160085,HISTORIC,
276000811595969,male,276000810331611,276000808406528,2000,Hinterwaelder,-0.343941,HISTORIC,
276000811596083,female,276000810331589,276000802922814,2000,Hinterwaelder,0.722870,HISTORIC,
276000811596095,female,276000811044154,276000802932828,2000,Hinterwaelder,0.035113,HISTORIC,
276000811596104,female,276000811044154,276000810331585,2001,Hinterwaelder,0.690046,HISTORIC,
276000811596122,female,276000810331589,276000810331634,2000,Hinterwaelder,-0.054829,HISTORIC,
276000811596168,female,276000808336829,276000810331793,2002,Hinterwaelder,0.429421,HISTORIC,
276000811596240,male,276000811043854,276000810748371,2001,Hinterwaelder,-0.091845,HISTORIC,
276000811596604,male,276000810957844,276000802925028,2000,Hinterwaelder,-0.040404,HISTORIC,
276000811596617,female,276000810957844,276000802938531,2000,Hinterwaelder,-0.249779,HISTORIC,
276000811596667,female,276000802938193,276000802922816,2001,Hinterwaelder,0.409714,HISTORIC,
276000811596771,female,276000810958461,276000802940454,2000,Hinterwaelder,0.563524,HISTORIC,
276000811596773,male,276000810958461,276000808337281,2000,Hinterwaelder,-0.012458,HISTORIC,
276000811596868,female,276000811286958,276000808591064,2002,Hinterwaelder,0.361686,HISTORIC,
276000811597075,female,276000810757652,276000808406508,2001,Hinterwaelder,0.243998,HISTORIC,
276000890232644,female,,,1990,Hinterwaelder,0.785886,HISTORIC,
276000811597086,male,276000810757652,276000890232644,2000,Hinterwaelder,0.400670,HISTORIC,
276000811597101,female,276000810957933,276000802940568,2001,Hinterwaelder,0.134026,HISTORIC,
276000811597113,male,276000810957933,276000808591327,2000,Hinterwaelder,0.680683,HISTORIC,
276000811597116,female,276000810957933,276000808406549,2000,Hinterwaelder,1.036404,HISTORIC,
276000811597147,male,276000802938193,276000810958949,2001,Hinterwaelder,0.074099,HISTORIC,
276000811597157,male,276000802932958,276000802947720,2001,Hinterwaelder,0.371071,HISTORIC,
276000811749049,female,276000811043894,276000802922479,2001,Hinterwaelder,0.130825,HISTORIC,
276000811794096,female,276000808521961,276000802947374,2001,Hinterwaelder,0.726387,HISTORIC,
276000811815586,male,276000802908126,276000810087235,2007,Hinterwaelder,0.579085,LIVING,OBR
276000811823366,female,276000811267603,276000811074493,2002,Hinterwaelder,0.124340,LIVING,PRG
276000811902662,male,276000810958038,276000802940609,2001,Hinterwaelder,0.733190,HISTORIC,
276000811902725,female,276000810958214,276000802947764,2001,Hinterwaelder,-0.122727,HISTORIC,
276000811902729,female,276000810958214,276000810331133,2001,Hinterwaelder,0.040130,HISTORIC,
276000811902744,female,276000810958214,276000808337000,2001,Hinterwaelder,0.174434,HISTORIC,
276000811902807,female,276000810958201,276000811043900,2002,Hinterwaelder,0.709583,HISTORIC,
276000811902810,male,276000810958201,276000810331295,2002,Hinterwaelder,0.681031,HISTORIC,
276000811902819,male,276000810958948,276000802947689,2001,Hinterwaelder,0.050551,HISTORIC,
276000811902891,male,276000810331020,276000811157876,2001,Hinterwaelder,0.957317,HISTORIC,
276000811902918,female,276000811157781,276000810748311,2002,Hinterwaelder,-0.224497,LIVING,DRW
276000811902944,female,276000811157781,276000808591244,2001,Hinterwaelder,0.628563,HISTORIC,
276000811903006,male,276000811044154,276000810748312,2001,Hinterwaelder,0.081759,HISTORIC,
276000811903149,male,276000811595969,276000802908758,2001,Hinterwaelder,-0.050620,HISTORIC,
276000811903151,female,276000811157959,276000802922991,2001,Hinterwaelder,0.258966,HISTORIC,
276000811903276,female,276000802938228,276000802947824,2002,Hinterwaelder,0.264072,HISTORIC,
276000811903289,female,276000811595860,276000811287260,2002,Hinterwaelder,0.427173,HISTORIC,
276000811903472,male,276000811287626,276000802947924,2001,Hinterwaelder,-0.130268,HISTORIC,
276000811903480,male,276000811287630,276000810332263,2002,Hinterwaelder,-0.339871,HISTORIC,
276000811903592,male,276000811288187,276000802947421,2002,Hinterwaelder,0.237283,HISTORIC,
276000812051251,female,,276000811052979,2002,Hinterwaelder,1.337678,HISTORIC,
276000812081697,female,276000811597086,276000802947619,2002,Hinterwaelder,0.442615,LIVING,SCH
276000812140647,female,276000808336829,276000810897367,2002,Hinterwaelder,0.318229,LIVING,FRB
276000812143103,female,276000811902891,276000811287205,2003,Hinterwaelder,0.058074,HISTORIC,
276000812201831,male,276000810958214,276000808337139,2001,Hinterwaelder,0.637238,HISTORIC,
276000812201874,female,276000808336829,276000802947689,2002,Hinterwaelder,0.045285,LIVING,LNZ
276000812201905,male,276000811597113,276000810748312,2002,Hinterwaelder,0.125187,HISTORIC,
276000812201908,male,276000811597113,276000802932828,2002,Hinterwaelder,0.318218,HISTORIC,
276000812201924,female,276000811595969,276000810331783,2002,Hinterwaelder,0.458857,LIVING,ELZ
276000812201928,female,276000811595969,276000810748365,2002,Hinterwaelder,0.595731,HISTORIC,
276000812202049,female,276000811476505,276000810958425,2002,Hinterwaelder,-0.299439,LIVING,SCH
276000812202054,female,276000811596604,276000810958459,2002,Hinterwaelder,0.072118,LIVING,AMH
276000812202159,male,276000808336829,276000810748708,2002,Hinterwaelder,0.312599,HISTORIC,
276000812202160,female,276000811595843,276000811288143,2002,Hinterwaelder,-0.193555,HISTORIC,
276000812346614,male,276000811286973,276000808519435,2002,Hinterwaelder,0.470501,HISTORIC,
276000812346792,female,276000811287380,276000810087005,2002,Hinterwaelder,0.014376,HISTORIC,
276000812346843,male,276000802883751,276000810331793,2003,Hinterwaelder,-0.158349,HISTORIC,
276000812346916,female,276000811287400,276000802930211,2002,Hinterwaelder,0.307875,LIVING,FRB
276000812346944,male,276000811157959,276000808406481,2002,Hinterwaelder,0.203107,HISTORIC,
276000812347135,female,276000811476505,276000802938531,2002,Hinterwaelder,-0.072336,LIVING,URB
276000812347139,male,276000811476505,276000811287619,2002,Hinterwaelder,0.657652,HISTORIC,
276000812347220,female,276000810958214,276000810748497,2004,Hinterwaelder,0.042868,LIVING,AMH
276000812347275,female,276000811286979,276000811287164,2002,Hinterwaelder,0.350659,HISTORIC,
276000812347378,male,276000811286958,276000810958681,2003,Hinterwaelder,0.183603,HISTORIC,
276000812347474,male,276000811595967,276000802932369,2002,Hinterwaelder,0.463262,HISTORIC,
276000812433061,female,276000811596773,276000810537893,2002,Hinterwaelder,0.934334,LIVING,ELZ
276000812433080,female,276000811596773,276000811052979,2003,Hinterwaelder,0.444199,LIVING,KAN
276000812463469,female,,276000808566745,2003,Hinterwaelder,0.895792,HISTORIC,
276000812496746,male,276000811595947,276000810087428,2003,Hinterwaelder,-0.004101,LIVING,TDN
276000812496762,male,276000802883751,276000810748311,2003,Hinterwaelder,-0.620530,HISTORIC,
276000812496823,female,276000811287380,276000811596083,2003,Hinterwaelder,0.556344,HISTORIC,
276000812496847,male,276000811597113,276000810748313,2003,Hinterwaelder,0.072634,HISTORIC,
276000812496855,male,276000812201831,276000811596104,2004,Hinterwaelder,0.395864,HISTORIC,
276000812496867,female,276000811287380,276000802932778,2003,Hinterwaelder,-0.125877,LIVING,SCH
276000812496887,female,276000808336829,276000811287728,2003,Hinterwaelder,0.927307,LIVING,ELZ
276000812496917,male,276000811903149,276000810958129,2004,Hinterwaelder,0.295757,LIVING,AMH
276000812497055,female,276000811595860,276000811157952,2003,Hinterwaelder,0.286511,HISTORIC,
276000812497060,male,276000812201908,276000811903276,2004,Hinterwaelder,0.388625,HISTORIC,
276000812497273,female,276000811902810,276000810332257,2003,Hinterwaelder,0.161999,HISTORIC,
276000812497309,female,276000810331818,276000802940631,2004,Hinterwaelder,-0.111557,LIVING,VOG
276000812497482,male,276000811286958,276000808337092,2003,Hinterwaelder,0.196072,HISTORIC,
276000812497576,male,276000811596604,276000802940472,2003,Hinterwaelder,0.873539,HISTORIC,
276000812497583,male,276000810331818,276000810958908,2004,Hinterwaelder,0.295889,HISTORIC,
276000812497630,female,276000811595843,276000811288143,2003,Hinterwaelder,0.457481,HISTORIC,
276000812497659,male,276000802938193,276000802947640,2004,Hinterwaelder,0.041467,HISTORIC,
276000812579886,female,276000810958214,276000810331491,2004,Hinterwaelder,0.005541,HISTORIC,
276000812688840,female,276000811902891,276000810957873,2004,Hinterwaelder,0.540584,LIVING,AMH
276000812688988,male,276000811902819,276000810957984,2003,Hinterwaelder,0.345981,HISTORIC,
276000812688989,female,276000811903472,276000810332268,2003,Hinterwaelder,0.310414,HISTORIC,
276000812689042,female,276000811286979,276000810958550,2003,Hinterwaelder,0.924835,LIVING,BLK
276000812689145,male,276000811286958,276000810958681,2004,Hinterwaelder,0.467064,LIVING,MUN
276000812698733,male,276000810327378,276000811597101,2003,Hinterwaelder,0.120482,HISTORIC,
276000812698734,male,276000810327378,276000811044079,2003,Hinterwaelder,0.407601,LIVING,GLT
276000812698735,female,276000811596240,276000811288179,2003,Hinterwaelder,0.247789,LIVING,ELZ
276000812698739,female,276000811903592,276000811157811,2004,Hinterwaelder,0.268651,HISTORIC,
276000812749531,female,276000811287630,276000811902729,2003,Hinterwaelder,0.525274,HISTORIC,
276000812749549,male,276000812201905,276000808519435,2004,Hinterwaelder,0.056244,HISTORIC,
276000812749557,male,276000812201905,276000811286961,2004,Hinterwaelder,0.653193,HISTORIC,
276000812749560,male,276000811595947,276000811902744,2004,Hinterwaelder,0.167360,HISTORIC,
276000812749583,male,276000812201905,276000810957848,2005,Hinterwaelder,0.467934,LIVING,ELZ
276000812749664,female,276000812347139,276000811287100,2004,Hinterwaelder,0.488245,LIVING,BLK
276000812749837,male,276000802875301,276000802922912,2003,Hinterwaelder,0.646934,HISTORIC,
276000812749843,male,276000808336829,276000811287151,2003,Hinterwaelder,0.652943,HISTORIC,
276000812749996,male,276000811595969,276000810331783,2004,Hinterwaelder,0.461873,HISTORIC,
276000812750039,male,276000812202159,276000808591252,2004,Hinterwaelder,0.935252,LIVING,TDN
276000812750057,female,276000802883751,276000811596168,2005,Hinterwaelder,-0.054133,LIVING,OBR
276000891015212,female,276000802940243,276000808519443,1999,Hinterwaelder,0.013945,HISTORIC,
276000891015220,female,276000802938228,276000891015212,2001,Hinterwaelder,-0.287835,HISTORIC,
276000812806015,female,276000802938193,276000891015220,2004,Hinterwaelder,0.412360,LIVING,KAN
276000812898234,female,276000808336829,276000810940698,2006,Hinterwaelder,1.017936,LIVING,GLT
276000812922177,female,276000812688988,276000812496823,2005,Hinterwaelder,0.534380,HISTORIC,
276000812922495,male,276000811902819,276000811596617,2004,Hinterwaelder,0.442754,HISTORIC,
276000812922523,male,276000802938193,276000811287711,2004,Hinterwaelder,0.096517,HISTORIC,
276000812922633,female,276000811596240,276000811597075,2004,Hinterwaelder,-0.339825,LIVING,KAN
276000890089706,female,,,1994,Hinterwaelder,-0.046212,HISTORIC,
276000812939258,female,276000811902662,276000890089706,2005,Hinterwaelder,0.917526,LIVING,DRW
276000812939266,male,276000812698733,276000808591207,2005,Hinterwaelder,0.504549,HISTORIC,
276000812939303,female,276000811902891,276000808406628,2004,Hinterwaelder,0.970432,LIVING,GLT
276000813001636,female,276000811597157,276000811429970,2005,Hinterwaelder,0.860727,LIVING,OBR
276000813007322,male,276000808336829,276000811288179,2004,Hinterwaelder,0.253242,HISTORIC,
276000813007327,female,276000812497482,276000811157811,2005,Hinterwaelder,0.465488,HISTORIC,
276000813007328,male,276000811903006,276000811595949,2005,Hinterwaelder,1.058747,LIVING,OBR
276000813024702,female,276000812346614,276000810087376,2005,Hinterwaelder,0.577114,LIVING,DRW
276000813024705,female,276000812346614,276000802925833,2005,Hinterwaelder,0.277443,LIVING,ZRN
276000813025007,male,276000812497060,276000812497055,2006,Hinterwaelder,1.145317,LIVING,SCH
276000813025187,female,276000810331818,276000808591348,2005,Hinterwaelder,0.723386,LIVING,BLK
276000813025309,female,276000812346944,276000810958699,2005,Hinterwaelder,0.389811,HISTORIC,
276000813121710,female,276000812497583,276000810332959,2006,Hinterwaelder,0.676864,LIVING,HRB
276000813155752,female,276000808336829,276000812202160,2005,Hinterwaelder,0.512109,LIVING,KAN
276000813155753,female,276000811903480,276000811597116,2005,Hinterwaelder,0.999070,LIVING,KAN
276000813155770,female,276000811903480,276000810748709,2006,Hinterwaelder,0.843963,LIVING,DRW
276000813212240,female,276000812347474,276000810085235,2005,Hinterwaelder,0.545225,LIVING,VOG
276000813255929,male,276000812201831,276000810748312,2006,Hinterwaelder,0.851087,HISTORIC,
276000813255939,female,276000812496855,276000802940449,2006,Hinterwaelder,0.445683,LIVING,VOG
276000813255954,male,276000808336829,276000811596168,2006,Hinterwaelder,0.502147,LIVING,MUN
276000813256327,female,276000812749996,276000812201928,2006,Hinterwaelder,0.530921,LIVING,GLT
276000813264775,female,276000810958214,276000810329472,2005,Hinterwaelder,0.542969,LIVING,DRW
276000813270863,male,276000812346944,276000811902725,2005,Hinterwaelder,0.338646,LIVING,WLD
276000890778362,female,,,1993,Hinterwaelder,0.473659,HISTORIC,
276000891254427,female,,276000890778362,2000,Hinterwaelder,0.812366,HISTORIC,
276000813270922,female,276000811903006,276000891254427,2005,Hinterwaelder,0.690333,LIVING,BLK
276000813270939,female,276000811082118,276000808336863,2005,Hinterwaelder,1.061711,LIVING,WLD
276000813284910,female,276000812497659,276000811749049,2006,Hinterwaelder,0.485804,LIVING,FRB
276000813368967,female,276000812749549,276000811595961,2006,Hinterwaelder,0.721906,LIVING,WLD
276000813368975,male,276000812749843,276000811287160,2005,Hinterwaelder,0.558792,LIVING,TDN
276000813369001,female,276000812202159,276000808591269,2005,Hinterwaelder,0.695950,LIVING,KAN
276000813369054,female,276000812688988,276000811596122,2005,Hinterwaelder,0.724549,LIVING,URB
276000813369075,female,276000811902819,276000812346792,2006,Hinterwaelder,0.342015,LIVING,URB
276000813369197,male,276000812346843,276000810332421,2006,Hinterwaelder,0.386733,LIVING,AMH
276000813451263,male,276000813007322,276000812698739,2006,Hinterwaelder,0.490586,HISTORIC,
276000813466985,female,276000802938193,276000812579886,2006,Hinterwaelder,0.475034,LIVING,PRG
276000813481035,male,276000812496762,276000811903151,2006,Hinterwaelder,0.472435,HISTORIC,
276000813481085,female,276000812497576,276000811903289,2006,Hinterwaelder,0.077802,LIVING,LNZ
276000813481302,female,276000812749837,276000811158161,2006,Hinterwaelder,0.290157,LIVING,HRB
276000813533473,male,276000812939266,276000811902807,2007,Hinterwaelder,0.421420,HISTORIC,
276000813533577,male,276000812497583,276000811157917,2007,Hinterwaelder,0.493406,LIVING,OBR
276000891466357,male,276000810331818,276000810087235,2004,Hinterwaelder,0.312055,HISTORIC,
276000813533673,male,276000891466357,276000811596771,2007,Hinterwaelder,0.846400,LIVING,GLT
276000813550094,male,276000812749557,276000812497630,2006,Hinterwaelder,0.299812,HISTORIC,
276000813590674,female,276000812347378,276000811052979,2006,Hinterwaelder,0.544253,LIVING,URB
276000813590680,female,276000812347378,276000812051251,2006,Hinterwaelder,0.791395,LIVING,ELZ
276000813609169,female,276000812749549,276000811287090,2007,Hinterwaelder,0.290681,LIVING,FRB
276000813609307,female,276000812922495,276000812688989,2006,Hinterwaelder,0.392391,LIVING,LNZ
276000813617959,female,276000812698734,276000812143103,2007,Hinterwaelder,0.530170,LIVING,PRG
276000813677657,male,276000812749560,276000811287166,2007,Hinterwaelder,0.794088,HISTORIC,
276000813677661,male,276000811903006,276000811595933,2007,Hinterwaelder,1.139795,LIVING,HRB
276000813677724,female,276000812749560,276000811902944,2007,Hinterwaelder,0.154820,LIVING,MUN
276000890596323,female,,,,unbek0,,HISTORIC,
276000890596320,female,,276000890596323,1998,Hinterwaelder,0.952473,HISTORIC,
276000892111363,female,,276000890596320,2005,Hinterwaelder,1.634253,HISTORIC,
276000813766171,female,276000812496847,276000892111363,2007,Hinterwaelder,1.014528,LIVING,LNZ
276000813788183,female,276000811597157,276000811794096,2007,Hinterwaelder,0.488879,LIVING,WLD
276000813798266,female,276000812749837,276000810958550,2007,Hinterwaelder,0.308342,LIVING,MUN
276000813838584,male,276000813481035,276000812497273,2007,Hinterwaelder,0.730563,LIVING,ZRN
276000813838643,male,276000812922523,276000812922633,2007,Hinterwaelder,0.907255,LIVING,TDN
276000814047526,female,276000813550094,276000812922177,2009,Hinterwaelder,0.616017,LIVING,VOG
276000814117016,female,276000813533473,276000810037965,2009,Hinterwaelder,0.370368,LIVING,ZRN
276000814308524,female,276000813255929,276000813025309,2009,Hinterwaelder,0.856579,LIVING,VOG
276000814357243,female,276000813451263,276000810957978,2009,Hinterwaelder,0.733933,LIVING,ZRN
276000890849083,female,,,1995,Hinterwaelder,0.585994,HISTORIC,
276000891609477,female,276000811461607,276000808591205,2002,Hinterwaelder,0.668763,LIVING,SCH
276000891609485,female,276000811461607,276000808406564,2002,Hinterwaelder,0.001455,LIVING,DRW
276000891618439,female,276000810331818,276000890849083,2005,Hinterwaelder,0.744325,LIVING,URB
276000891618446,female,276000811903006,276000810958497,2006,Hinterwaelder,0.145320,LIVING,GLT
276000891823096,male,,276000810950532,2004,Hinterwaelder,1.160022,HISTORIC,
276000891885837,female,276000811903472,276000811596667,2003,Hinterwaelder,0.456526,LIVING,MUN
276000892036254,male,276000810958214,276000811596868,2004,Hinterwaelder,0.497031,HISTORIC,
276000892036259,female,276000811597147,276000812347275,2005,Hinterwaelder,0.334531,HISTORIC,
276000892135346,male,,276000811287745,2006,Hinterwaelder,0.571667,HISTORIC,
276000892238051,male,276000891823096,276000812463469,2007,Hinterwaelder,1.398470,LIVING,AMH
276000892238056,female,276000891823096,276000810950306,2007,Hinterwaelder,1.415159,LIVING,BLK
276000892494994,male,276000813368975,276000812750057,2009,Hinterwaelder,0.569927,LIVING,ZRN
276000892533334,female,276000892036254,276000892036259,2009,Hinterwaelder,0.628336,LIVING,BLK
276000892533335,female,276000892036254,276000812749531,2009,Hinterwaelder,0.672521,LIVING,HRB
276000892585285,female,276000813677657,276000813007327,2009,Hinterwaelder,0.683408,LIVING,PRG
276000892601081,female,276000892135346,276000811596095,2009,Hinterwaelder,0.775092,LIVING,MUN
